hotel,auteur,n_avis,score_moy,score_max,centralite
BW_Bretagne,Nicole Zwanziger,1,0.5419462057035811,0.5419462057035811,0.6912133891213389
BW_Bretagne,Romain CAZAJOUS,1,0.5397080660332383,0.5397080660332383,0.6902719665271966
BW_Bretagne,afua bae,1,0.5391192611561794,0.5391192611561794,0.6899581589958158
BW_Bretagne,975magb,1,0.5218293031352063,0.5218293031352063,0.6846234309623431
BW_Bretagne,Martine Mairal,1,0.5140675458215587,0.5140675458215587,0.6805439330543933
BW_Bretagne,cassandra montagnino,1,0.5102587228406179,0.5102587228406179,0.6777196652719665
BW_Bretagne,Erikoesterberg,1,0.5054385667702883,0.5054385667702883,0.6730125523012552
BW_Bretagne,R Cappello,1,0.5047088957409464,0.5047088957409464,0.6714435146443514
BW_Bretagne,Holly King,1,0.5026545049307303,0.5026545049307303,0.6686192468619246
BW_Bretagne,Yvonne A.,1,0.5013315676154386,0.5013315676154386,0.6657949790794979
BW_Bretagne,Emilie Bolatre,1,0.4962784284907855,0.4962784284907855,0.6579497907949791
BW_Bretagne,Lea Pelanne,1,0.4946319746261411,0.4946319746261411,0.6544979079497908
BW_Bretagne,Alina Petrova,1,0.4934341839268219,0.4934341839268219,0.6523012552301255
BW_Bretagne,Phil,1,0.4906068519487132,0.4906068519487132,0.6469665271966527
BW_Bretagne,Christine Evers,1,0.4900954565718344,0.4900954565718344,0.6460251046025104
BW_Bretagne,Relax654158,1,0.4898388467871476,0.4898388467871476,0.6447698744769874
BW_Bretagne,Sanae BOUALLOU,1,0.4894624754589116,0.4894624754589116,0.6438284518828451
BW_Bretagne,josib706,1,0.4877624718619317,0.4877624718619317,0.6372384937238493
BW_Bretagne,Rerovie,1,0.4877046781708894,0.4877046781708894,0.6369246861924686
BW_Bretagne,J CONSTANTIN,1,0.4872317122596261,0.4872317122596261,0.6353556485355648
BW_Bretagne,Aghasi Baghramyan,1,0.4867464336251596,0.4867464336251596,0.6347280334728034
BW_Bretagne,Gonzalo Martin,1,0.4852395891753159,0.4852395891753159,0.6284518828451883
BW_Bretagne,Derek,1,0.4851609351931268,0.4851609351931268,0.6278242677824267
BW_Bretagne,Marine Ca,1,0.4842788054407921,0.4842788054407921,0.6246861924686192
BW_Bretagne,Trip.com Member,3,0.42258883897242927,0.4713222304512879,0.622907949790795
BW_Bretagne,Rafag71,1,0.4835215360338974,0.4835215360338974,0.6221757322175732
BW_Bretagne,Paula Amaral,1,0.4832555388740073,0.4832555388740073,0.6215481171548116
BW_Bretagne,Jerry Gannon,1,0.4831024049125638,0.4831024049125638,0.6212343096234308
BW_Bretagne,Stéphanie B,1,0.4826855961712649,0.4826855961712649,0.6196652719665271
BW_Bretagne,pierreyvesb975,1,0.4826420588742258,0.4826420588742258,0.6190376569037657
BW_Bretagne,Frédéric VOUAUX,1,0.4825330461412762,0.4825330461412762,0.6180962343096233
BW_Bretagne,Benjamin,1,0.4822532657868975,0.4822532657868975,0.6177824267782427
BW_Bretagne,Marie Ozil,1,0.4820256937432094,0.4820256937432094,0.6168410041841004
BW_Bretagne,turkka27,1,0.482019949982286,0.482019949982286,0.6165271966527196
BW_Bretagne,Barnabé Gillet,1,0.4816728975857175,0.4816728975857175,0.6146443514644351
BW_Bretagne,Estelle Jourdan,1,0.4812215984270755,0.4812215984270755,0.6115062761506276
BW_Bretagne,pilipsiqi,1,0.4810890830152035,0.4810890830152035,0.6105648535564854
BW_Bretagne,Alexsandre1404,1,0.4804700047376536,0.4804700047376536,0.6077405857740585
BW_Bretagne,Daniel Llorca,1,0.4802063282531161,0.4802063282531161,0.607112970711297
BW_Bretagne,Jean-Pierre Cusumano,1,0.4793933737055874,0.4793933737055874,0.6030334728033472
BW_Bretagne,Adrien Durand-Raucher,1,0.4793890874318336,0.4793890874318336,0.6027196652719664
BW_Bretagne,Yanjela,1,0.4793342101859494,0.4793342101859494,0.602092050209205
BW_Bretagne,Chirley RAYMOND,1,0.4788586409182354,0.4788586409182354,0.6005230125523012
BW_Bretagne,Pierre-Yves BASTARD,1,0.4779777482588638,0.4779777482588638,0.5964435146443514
BW_Bretagne,Sergioparatodos,1,0.4758146333876868,0.4758146333876868,0.5879707112970711
BW_Bretagne,claire gouverith,1,0.4756115215638929,0.4756115215638929,0.5870292887029288
BW_Bretagne,53b_rbaras,1,0.4743565866863476,0.4743565866863476,0.5807531380753138
BW_Bretagne,Alpha Bravo,1,0.474324337417735,0.474324337417735,0.5801255230125523
BW_Bretagne,Christophe Ccy,1,0.4741152397747161,0.4741152397747161,0.5782426778242677
BW_Bretagne,813dominiquek,1,0.4729987890108579,0.4729987890108579,0.5722803347280335
BW_Bretagne,Audrey Monchaux,1,0.4726623883265918,0.4726623883265918,0.5703974895397489
BW_Bretagne,Marilyn Robin,1,0.4726437460013842,0.4726437460013842,0.5700836820083681
BW_Bretagne,Michal Przygodzki,1,0.4723946342794086,0.4723946342794086,0.5685146443514644
BW_Bretagne,490carlal,1,0.4719249739949324,0.4719249739949324,0.5656903765690376
BW_Bretagne,Jean-Marc CHANCEREL,1,0.4713032766762453,0.4713032766762453,0.5638075313807531
BW_Bretagne,馬島八世,1,0.4705300474281572,0.4705300474281572,0.5591004184100418
BW_Bretagne,Charlotte C.,1,0.4704935559223663,0.4704935559223663,0.5584728033472803
BW_Bretagne,cardon vincent,1,0.4699623274905016,0.4699623274905016,0.5559623430962343
BW_Bretagne,HelenB_NL,1,0.4698837160342319,0.4698837160342319,0.5553347280334728
BW_Bretagne,Maria_Tarab,1,0.4694637863046014,0.4694637863046014,0.5531380753138075
BW_Bretagne,Chama MACHA,1,0.4684317040307744,0.4684317040307744,0.5493723849372385
BW_Bretagne,Kristina Simic,1,0.4683311453752966,0.4683311453752966,0.5484309623430963
BW_Bretagne,Yo0Martula,1,0.4676437326647687,0.4676437326647687,0.5440376569037657
BW_Bretagne,yoyo613,1,0.4672702495395893,0.4672702495395893,0.5427824267782427
BW_Bretagne,Didier Fabriano,1,0.466749471121131,0.466749471121131,0.5402719665271967
BW_Bretagne,Nicolas H.,1,0.4666289131588683,0.4666289131588683,0.5390167364016736
BW_Bretagne,Alex329,1,0.4665365761496667,0.4665365761496667,0.5387029288702929
BW_Bretagne,juliano martins da fonte,1,0.46593548941056,0.46593548941056,0.5361924686192469
BW_Bretagne,Elise Daniaud,1,0.4653838524564452,0.4653838524564452,0.5336820083682008
BW_Bretagne,Eloy Velásquez S.,1,0.4652901519587309,0.4652901519587309,0.532112970711297
BW_Bretagne,Laurent G,1,0.4651859913166309,0.4651859913166309,0.5308577405857741
BW_Bretagne,Angelina Le Bivic,1,0.4651805584120221,0.4651805584120221,0.5305439330543933
BW_Bretagne,iagos2013,1,0.4649868483908709,0.4649868483908709,0.5299163179916319
BW_Bretagne,laviec2017,1,0.4647775201112422,0.4647775201112422,0.5289748953974895
BW_Bretagne,Mylen S.,1,0.4646217123246002,0.4646217123246002,0.5283472803347281
BW_Bretagne,Isabelle Thaille,1,0.4645677260385027,0.4645677260385027,0.5277196652719665
BW_Bretagne,jerome schenck,1,0.4645613706856991,0.4645613706856991,0.5274058577405858
BW_Bretagne,Pierre,1,0.4645562168162521,0.4645562168162521,0.527092050209205
BW_Bretagne,G1373RKerica,1,0.4637593933027581,0.4637593933027581,0.5248953974895397
BW_Bretagne,basilkalu28,1,0.4636129255077593,0.4636129255077593,0.5242677824267783
BW_Bretagne,evasam2016,1,0.4635658239842155,0.4635658239842155,0.5236401673640168
BW_Bretagne,Alexandra Sykes,1,0.4634396029632387,0.4634396029632387,0.5226987447698745
BW_Bretagne,Milo’s Vault,1,0.4626071244000115,0.4626071244000115,0.518305439330544
BW_Bretagne,ella Leroy 45,1,0.4620438284305815,0.4620438284305815,0.5157949790794979
BW_Bretagne,Tommy Mallory,1,0.4615948168105178,0.4615948168105178,0.5135983263598326
BW_Bretagne,MANU BONDO,1,0.4612086290990539,0.4612086290990539,0.5101464435146443
BW_Bretagne,Rossella Bresciani makeupando (“Makeupando”),1,0.4609944704232552,0.4609944704232552,0.507949790794979
BW_Bretagne,Carla Gaigne,1,0.459000493861985,0.459000493861985,0.4988493723849372
BW_Bretagne,donovan jacobs,1,0.4576424450487274,0.4576424450487274,0.49508368200836816
BW_Bretagne,Uk Renn,1,0.4563417137375031,0.4563417137375031,0.4897489539748954
BW_Bretagne,jpcollin2022,1,0.4563110744490856,0.4563110744490856,0.4894351464435146
BW_Bretagne,Nicolas Checcacci,1,0.4561600626127312,0.4561600626127312,0.4884937238493724
BW_Bretagne,mleroy8803,1,0.4558274251758415,0.4558274251758415,0.4866108786610879
BW_Bretagne,nicolas pierret,1,0.4516221909112817,0.4516221909112817,0.4768828451882845
BW_Bretagne,Bilal Riaz,1,0.4483655319082252,0.4483655319082252,0.4674686192468619
BW_Bretagne,Cycy Dm,1,0.4483044723502676,0.4483044723502676,0.4665271966527197
BW_Bretagne,Freedom16705544153,1,0.4482999614538951,0.4482999614538951,0.4662133891213389
BW_Bretagne,Makoto KANEDA,1,0.4469372171812286,0.4469372171812286,0.46150627615062767
BW_Bretagne,Jean-yves Ouarné,1,0.446255865632106,0.446255865632106,0.45962343096234315
BW_Bretagne,Khadim Rassoul Diop,1,0.4461141664733596,0.4461141664733596,0.45930962343096227
BW_Bretagne,Denis Miserez,1,0.4452185832675409,0.4452185832675409,0.4577405857740585
BW_Bretagne,Flo G,1,0.4443686317694207,0.4443686317694207,0.45617154811715477
BW_Bretagne,Marie Claire PAGES,1,0.4429582575997371,0.4429582575997371,0.4527196652719665
BW_Bretagne,David Daouda Adiho MASSADIMI,1,0.4416819385251161,0.4416819385251161,0.4505230125523012
BW_Bretagne,Sergio Luvumbo,1,0.4409382615463912,0.4409382615463912,0.4498953974895398
BW_Bretagne,miramont optique,1,0.4385822384006961,0.4385822384006961,0.4442468619246862
BW_Bretagne,Elie Casano,1,0.4379786605970273,0.4379786605970273,0.44361924686192467
BW_Bretagne,Mark Shimei,1,0.437713277153695,0.437713277153695,0.44267782426778246
BW_Bretagne,Anthony UR1080,1,0.4374613222815805,0.4374613222815805,0.4420502092050209
BW_Bretagne,Astrid de Moreau,1,0.4374494249734428,0.4374494249734428,0.44173640167364014
BW_Bretagne,Julien,1,0.434891740031979,0.434891740031979,0.43765690376569033
BW_Bretagne,Erich Zirnhelt,1,0.4337901166747601,0.4337901166747601,0.4348326359832636
BW_Bretagne,ahmed metwaly,1,0.4333487929461619,0.4333487929461619,0.43451882845188283
BW_Bretagne,Zinta Faxon,1,0.4325692541795339,0.4325692541795339,0.4335774058577405
BW_Bretagne,Aobo Liu,1,0.4314751130054616,0.4314751130054616,0.43232217573221754
BW_Bretagne,David Mister,1,0.4305144970802947,0.4305144970802947,0.4307531380753138
BW_Bretagne,Dagmar Svobodová,1,0.4304923639902205,0.4304923639902205,0.430439330543933
BW_Bretagne,Didier Neret,1,0.4292552289349298,0.4292552289349298,0.42918410041841004
BW_Bretagne,cassandra worsham bryant,1,0.4279024638512311,0.4279024638512311,0.4276150627615063
BW_Bretagne,Fidel Abarca,1,0.4269979075946409,0.4269979075946409,0.426673640167364
BW_Bretagne,Frederic Menanteau,1,0.4263318031229691,0.4263318031229691,0.42604602510460254
BW_Bretagne,Charles Hemelsdael,1,0.4260480436683831,0.4260480436683831,0.425418410041841
BW_Bretagne,Emad M,1,0.4241900960852779,0.4241900960852779,0.4232217573221757
BW_Bretagne,Pierre Vicard,1,0.4218841073203208,0.4218841073203208,0.42196652719665273
BW_Bretagne,Tommy Musters,1,0.4201488938992805,0.4201488938992805,0.41945606694560666
BW_Bretagne,Laurent Doudet,1,0.4173200460463806,0.4173200460463806,0.4169456066945607
BW_Bretagne,Bruno Nazareth,1,0.4161229116821606,0.4161229116821606,0.41631799163179917
BW_Bretagne,Marek Staszkiewicz,1,0.4129430195690751,0.4129430195690751,0.41443514644351465
BW_Bretagne,Sarah Guedouari,1,0.4107762319959467,0.4107762319959467,0.4119246861924686
BW_Bretagne,carla gc,1,0.4104651124923217,0.4104651124923217,0.41129707112970715
BW_Bretagne,Mama Mia,1,0.4041424314752997,0.4041424314752997,0.40690376569037656
BW_Bretagne,Jose Padial Gómez,1,0.4039645559227542,0.4039645559227542,0.4065899581589958
BW_Bretagne,ansortium,1,0.3753557455490816,0.4588557680501427,0.40376569037656906
BW_Bretagne,Alexander Wagner,1,0.3694199366625924,0.3694199366625924,0.40282426778242675
BW_Bretagne,pankaj kamdi,1,0.3618504852313366,0.3618504852313366,0.401255230125523
BW_Bretagne,Nathalie Braud,1,0.3481445960853514,0.3481445960853514,0.3990585774058577
BW_Bretagne,Sandrine Mauclaire,1,0.3425568737892499,0.3425568737892499,0.39843096234309616
BW_Bretagne,Khaled,1,0.3377689301371713,0.3377689301371713,0.3968619246861924
BW_Bretagne,Changkeel Lee,1,0.32786172586683,0.32786172586683,0.39435146443514646
BW_Bretagne,David&June Muir,1,0.3273016225808715,0.3273016225808715,0.3937238493723849
BW_Bretagne,Sébastien Dussin,1,0.3251939797194084,0.3251939797194084,0.3927824267782427
BW_Bretagne,Michele Letailleur (Missa02),1,0.3204149928026562,0.3204149928026562,0.38933054393305444
BW_Bretagne,matteo monaco (mattemondo),1,0.3192149945618898,0.3192149945618898,0.38807531380753135
BW_Bretagne,Sophie Bourdon,1,0.318722937595797,0.318722937595797,0.3877615062761506
BW_Bretagne,Hervé Jousset,1,0.3176976133312639,0.3176976133312639,0.3868200836820084
BW_Bretagne,Brigitte LANCIEN,1,0.3151952560546966,0.3151952560546966,0.3846234309623431
BW_Bretagne,alain xjr,1,0.31330897616837,0.31330897616837,0.38305439330543933
BW_Bretagne,StefaanG,1,0.3130330491474729,0.3130330491474729,0.38179916317991636
BW_Bretagne,Christine Kerverdo,1,0.311257895078554,0.311257895078554,0.3789748953974895
BW_Bretagne,Sadhbh Leonard,1,0.308819440519826,0.308819440519826,0.37740585774058577
BW_Bretagne,Sylbret,1,0.306820519048758,0.306820519048758,0.375836820083682
BW_Bretagne,Michèle Méline Perrin,1,0.3066091495939822,0.3066091495939822,0.3752092050209205
BW_Bretagne,396yannicka,1,0.3033342339221939,0.3033342339221939,0.372071129707113
BW_Bretagne,francisg56,1,0.3028890563366822,0.3028890563366822,0.3717573221757322
BW_Bretagne,ivanc521,1,0.3021808779516127,0.3021808779516127,0.37050209205020923
BW_Bretagne,Paris Est Magique,1,0.3016359007690059,0.3016359007690059,0.3689330543933055
BW_Bretagne,Guna Alexander,1,0.3015655456977332,0.3015655456977332,0.3686192468619247
BW_Bretagne,Hiro,1,0.3012670319967048,0.3012670319967048,0.36799163179916317
BW_Bretagne,Ivan Mondino,1,0.3011278196285754,0.3011278196285754,0.3676778242677824
BW_Bretagne,Steve Soelberg,1,0.3006078816033594,0.3006078816033594,0.36705020920502085
BW_Bretagne,Angelika2010,1,0.2986363727632937,0.2986363727632937,0.3645397489539749
BW_Bretagne,Marianne Boniau,1,0.2985333700044907,0.2985333700044907,0.3642259414225941
BW_Bretagne,Anne FANTOVA,1,0.2976921881490242,0.2976921881490242,0.36171548117154817
BW_Bretagne,Mathieu Beauchamp,1,0.297364501058475,0.297364501058475,0.3610878661087866
BW_Bretagne,Roberto Ballerini,1,0.2973033280890907,0.2973033280890907,0.3604602510460251
BW_Bretagne,isadoram811,1,0.2968060185498736,0.2968060185498736,0.3592050209205021
BW_Bretagne,Ariadna Peña Wahab,1,0.2962966894226533,0.2962966894226533,0.35889121338912133
BW_Bretagne,salvipalma,1,0.2956839869888486,0.2956839869888486,0.35794979079497913
BW_Bretagne,Duncan Mounsey,1,0.2953284314875513,0.2953284314875513,0.35763598326359836
BW_Bretagne,Maher Jebara,1,0.2948224363976122,0.2948224363976122,0.35638075313807527
BW_Bretagne,HikingSteve,1,0.2943127227253888,0.2943127227253888,0.35543933054393306
BW_Bretagne,Carlos Egido,1,0.293552633672356,0.293552633672356,0.35355648535564854
BW_Bretagne,Maria Joao Borges,1,0.2935359248132106,0.2935359248132106,0.35324267782426777
BW_Bretagne,Josiah Nedd,1,0.2925819369638662,0.2925819369638662,0.3507322175732217
BW_Bretagne,Marco Maes,1,0.2924756349932945,0.2924756349932945,0.35041841004184104
BW_Bretagne,ManuelaC446,1,0.2922262407363196,0.2922262407363196,0.3497907949790795
BW_Bretagne,mariH5777SC,1,0.2914268979724702,0.2914268979724702,0.34822175732217575
BW_Bretagne,Abinaya Gururajan,1,0.2911903717774333,0.2911903717774333,0.3469665271966527
BW_Bretagne,ANA LAURA LÓPEZ,1,0.2909743920272041,0.2909743920272041,0.346652719665272
BW_Bretagne,Anass Elghazali,1,0.2905177452079421,0.2905177452079421,0.3444560669456067
BW_Bretagne,Angèle Rozan,1,0.2902002021625932,0.2902002021625932,0.3432008368200837
BW_Bretagne,ANDRE DE SOUZA,1,0.2893343261055294,0.2893343261055294,0.34069037656903767
BW_Bretagne,Andy Balog,1,0.2887908233807236,0.2887908233807236,0.3400627615062761
BW_Bretagne,Dawn Amit,1,0.2887129504558668,0.2887129504558668,0.3394351464435147
BW_Bretagne,K6734KGanam,1,0.2885295822586496,0.2885295822586496,0.3391213389121339
BW_Bretagne,Patricia S,1,0.2883546740350868,0.2883546740350868,0.3384937238493724
BW_Bretagne,Ophélie Vallois,1,0.2876838650099604,0.2876838650099604,0.3356694560669456
BW_Bretagne,Meddy GARNIER,1,0.287461968668376,0.287461968668376,0.33441422594142256
BW_Bretagne,Mali Mes,1,0.2870881891192264,0.2870881891192264,0.3328451882845188
BW_Bretagne,Gerald Guillou,1,0.2864261445108468,0.2864261445108468,0.33158995815899583
BW_Bretagne,577sebastianj,1,0.2857479088597,0.2857479088597,0.3306485355648535
BW_Bretagne,Francoise Bouterre,1,0.2849966165438301,0.2849966165438301,0.32813807531380756
BW_Bretagne,Noemi Roman,1,0.2848955378187797,0.2848955378187797,0.3278242677824268
BW_Bretagne,Ivan Cossalter,1,0.2845879397733795,0.2845879397733795,0.32719665271966525
BW_Bretagne,603geira,1,0.2843781291165297,0.2843781291165297,0.326255230125523
BW_Bretagne,Cyril Boisnard,1,0.2841971100474649,0.2841971100474649,0.32594142259414227
BW_Bretagne,Shruti Laxsav,1,0.2835922940572642,0.2835922940572642,0.323744769874477
BW_Bretagne,Hyukao,1,0.2834625844030946,0.2834625844030946,0.32311715481171543
BW_Bretagne,Marcos Augusto Machado,1,0.2819188257244593,0.2819188257244593,0.31997907949790794
BW_Bretagne,Videorallysicilia,1,0.2811122730888396,0.2811122730888396,0.3180962343096234
BW_Bretagne,Alain Wicker,1,0.2800681533041694,0.2800681533041694,0.3140167364016736
BW_Bretagne,JopaUlm,1,0.2796633806791193,0.2796633806791193,0.31056485355648533
BW_Bretagne,Fatou 6c,1,0.2795989069940041,0.2795989069940041,0.31025104602510456
BW_Bretagne,VAVA YT,1,0.2794975651457522,0.2794975651457522,0.3089958158995816
BW_Bretagne,244martaa,1,0.2776236042875186,0.2776236042875186,0.300836820083682
BW_Bretagne,florianj805,1,0.2773382668238769,0.2773382668238769,0.29926778242677826
BW_Bretagne,Alexandra Gaudmann-Heber,1,0.2768001201253326,0.2768001201253326,0.29801255230125523
BW_Bretagne,Lara-e-Cristiano,1,0.2767899493048416,0.2767899493048416,0.29769874476987446
BW_Bretagne,Stephen Eades,1,0.2766698332230821,0.2766698332230821,0.29707112970711297
BW_Bretagne,Sofia Ybars (Sofia),1,0.2765847570591467,0.2765847570591467,0.2964435146443515
BW_Bretagne,Laure Christal,1,0.276468447636559,0.276468447636559,0.29581589958158994
BW_Bretagne,Trail44728861052,1,0.2763588341797987,0.2763588341797987,0.2955020920502092
BW_Bretagne,_Y3265RA,1,0.2758098785308624,0.2758098785308624,0.2933054393305439
BW_Bretagne,Dgé Lili,1,0.2747039447509494,0.2747039447509494,0.2907949790794979
BW_Bretagne,Danièle Arnaud,1,0.2741014332791454,0.2741014332791454,0.28922594142259417
BW_Bretagne,Sami Ibrahim Pasha,1,0.2734984271389914,0.2734984271389914,0.2870292887029289
BW_Bretagne,Andre Arias,1,0.2732581879671931,0.2732581879671931,0.2860878661087866
BW_Bretagne,federicarosato,1,0.2728512014311716,0.2728512014311716,0.2854602510460251
BW_Bretagne,catherine lefrancois,1,0.2725200580127307,0.2725200580127307,0.28294979079497906
BW_Bretagne,Matt Fegette,1,0.2724392951875619,0.2724392951875619,0.2823221757322176
BW_Bretagne,José Ricardo Fernandes,1,0.272280940917549,0.272280940917549,0.2816945606694561
BW_Bretagne,christianem335,1,0.2718050910190246,0.2718050910190246,0.27918410041841
BW_Bretagne,mariogb24,1,0.2712395869469622,0.2712395869469622,0.27792887029288704
BW_Bretagne,Dinesh Karanwal,1,0.2711021226597953,0.2711021226597953,0.2769874476987448
BW_Bretagne,AKKH,1,0.2703735784878883,0.2703735784878883,0.2760460251046025
BW_Bretagne,Danut Dumitru,1,0.2703220699336405,0.2703220699336405,0.27573221757322175
BW_Bretagne,Etienne BOSS,1,0.2702317873227429,0.2702317873227429,0.2747907949790795
BW_Bretagne,Coastal36407555575,1,0.2696883947874672,0.2696883947874672,0.2735355648535565
BW_Bretagne,Rogerio_Gea,1,0.2694801235525603,0.2694801235525603,0.27165271966527194
BW_Bretagne,Michele Stevenson,1,0.2690075753502695,0.2690075753502695,0.27039748953974896
BW_Bretagne,김현중,1,0.2681040775004146,0.2681040775004146,0.2688284518828452
BW_Bretagne,Othmane Bekkari,1,0.2676762094807612,0.2676762094807612,0.26725941422594146
BW_Bretagne,Menahem BELLAICHE,1,0.266884930077821,0.266884930077821,0.26569037656903766
BW_Bretagne,Nimal R,1,0.2656079174746194,0.2656079174746194,0.2612970711297071
BW_Bretagne,alalaa,1,0.2651344233371758,0.2651344233371758,0.25847280334728034
BW_Bretagne,Kurt Dallas,1,0.2649256985663134,0.2649256985663134,0.2575313807531381
BW_Bretagne,deborah manfredi,1,0.2646247353291059,0.2646247353291059,0.25439330543933053
BW_Bretagne,Zachary Nelson,1,0.2635359223458511,0.2635359223458511,0.25031380753138077
BW_Bretagne,MAHIDINE AIT,1,0.2633295967772449,0.2633295967772449,0.24968619246861926
BW_Bretagne,Laurent Marat,1,0.263109143828356,0.263109143828356,0.24843096234309622
BW_Bretagne,Anthony D.,1,0.2622164709115627,0.2622164709115627,0.24623430962343096
BW_Bretagne,Nadine Derudder,1,0.2621700671230741,0.2621700671230741,0.2459205020920502
BW_Bretagne,Maxi Ansay,1,0.2615072912353224,0.2615072912353224,0.24372384937238495
BW_Bretagne,Wallace MAUDOIGT,1,0.2598947543081881,0.2598947543081881,0.24184100418410043
BW_Bretagne,Dario Hirigoyen,1,0.2592512428307071,0.2592512428307071,0.2393305439330544
BW_Bretagne,Iris K,1,0.258804602397735,0.258804602397735,0.23682008368200838
BW_Bretagne,Elyse G.,1,0.2580414841867697,0.2580414841867697,0.23493723849372383
BW_Bretagne,Sylvie Jaquet,1,0.2572178466391477,0.2572178466391477,0.23305439330543934
BW_Bretagne,Daniel DOURTHE,1,0.2568152493221786,0.2568152493221786,0.23242677824267782
BW_Bretagne,Bobnardini,1,0.2566402979938741,0.2566402979938741,0.23211297071129708
BW_Bretagne,Sophie Lala,1,0.2559818035125958,0.2559818035125958,0.23023012552301256
BW_Bretagne,Francois CHAUVET,1,0.2551990850714203,0.2551990850714203,0.22897489539748955
BW_Bretagne,marc schlag,1,0.2547798524718233,0.2547798524718233,0.22866108786610878
BW_Bretagne,Curious806609,1,0.2534028881719665,0.2534028881719665,0.22677824267782426
BW_Bretagne,Maverick298,1,0.2532735395677137,0.2532735395677137,0.22583682008368203
BW_Bretagne,Xelena85,1,0.2529559065470788,0.2529559065470788,0.22552301255230126
BW_Bretagne,Benjamin Dugers,1,0.2518468865465822,0.2518468865465822,0.22301255230125522
BW_Bretagne,Khadi Ba,1,0.2514131520747455,0.2514131520747455,0.2217573221757322
BW_Bretagne,Miss Piggy Kermit,1,0.2513370700436345,0.2513370700436345,0.22144351464435147
BW_Bretagne,Mama Licorne,1,0.2510900218462552,0.2510900218462552,0.22112970711297072
BW_Bretagne,VERONIQUE BOUSSLAT,1,0.2503528351201716,0.2503528351201716,0.21987447698744772
BW_Bretagne,Vincent,1,0.2500876745418543,0.4733836041763212,0.21924686192468618
BW_Bretagne,alexandre Morel,1,0.2498906341790516,0.2498906341790516,0.2186192468619247
BW_Bretagne,s lm,1,0.2497563069758455,0.2497563069758455,0.2179916317991632
BW_Bretagne,Zeb Zackley,1,0.2496670678755345,0.2496670678755345,0.21767782426778243
BW_Bretagne,Nick F,1,0.2495363256192194,0.2495363256192194,0.21736401673640166
BW_Bretagne,Mykeul,1,0.2487720968808724,0.2487720968808724,0.21485355648535565
BW_Bretagne,Edouard Bachir,1,0.248564314806919,0.248564314806919,0.21391213389121339
BW_Bretagne,Hyun Seok Lee,1,0.2475359184663615,0.2475359184663615,0.21297071129707112
BW_Bretagne,Emilie Le Noay,1,0.2473703946417104,0.2473703946417104,0.21265690376569038
BW_Bretagne,Ezio Ciancetta,1,0.246890134400411,0.246890134400411,0.21140167364016738
BW_Bretagne,Marianne Desavie,1,0.246018866857296,0.246018866857296,0.2098326359832636
BW_Bretagne,Gaëtan C,1,0.2446774831829513,0.2446774831829513,0.20700836820083682
BW_Bretagne,laode rahmad,1,0.2436321156561962,0.2436321156561962,0.2057531380753138
BW_Bretagne,Alan Fernando Fuentes Prospero,1,0.2418529424623714,0.2418529424623714,0.2032426778242678
BW_Bretagne,Max-Joris Miéhakanda,1,0.2389535007099129,0.2389535007099129,0.20135983263598328
BW_Bretagne,Malena Rose,1,0.2387968014415194,0.2387968014415194,0.2010460251046025
BW_Bretagne,Silvana Maria Mojica Moreno,1,0.236351640805851,0.236351640805851,0.19884937238493722
BW_Bretagne,شايف ناجي زيد الواقدي,1,0.2363068625519518,0.2363068625519518,0.1985355648535565
BW_Bretagne,Gregory Jérôme Lambert,1,0.2358274846780922,0.2358274846780922,0.19696652719665272
BW_Bretagne,Dave Carmichael,1,0.2332629290360411,0.2332629290360411,0.19539748953974895
BW_Bretagne,Osman Griborio,1,0.2304602316225096,0.2304602316225096,0.19414225941422594
BW_Bretagne,yume ltj,1,0.2287265008291782,0.2287265008291782,0.19351464435146443
BW_Bretagne,Gianni Simpatico,1,0.2252904791769883,0.2252904791769883,0.19225941422594142
BW_Bretagne,Clara,1,0.2242963372581068,0.2242963372581068,0.1916317991631799
BW_Bretagne,ky Rechard,1,0.2231366708941152,0.2231366708941152,0.19037656903765693
BW_Bretagne,Julien Labbé,1,0.2202809863517051,0.2202809863517051,0.1891213389121339
BW_Bretagne,Lionel GRANIER,1,0.2195355702914807,0.2195355702914807,0.18880753138075312
BW_Bretagne,sami,1,0.2050499815063631,0.2050499815063631,0.18284518828451884
BW_Bretagne,Edip Vatansever,1,0.1381757403611239,0.1381757403611239,0.1784518828451883
BW_Bretagne,mohamed hammouda,1,0.1370359563931923,0.1370359563931923,0.17813807531380754
BW_Bretagne,stefano ibba,1,0.1269707283391399,0.1269707283391399,0.1768828451882845
BW_Bretagne,韩世峰,1,0.1137022761789273,0.1137022761789273,0.1718619246861925
BW_Bretagne,Fred martin,1,0.1059545632704778,0.1059545632704778,0.16997907949790797
BW_Bretagne,Ishah Hadi,1,0.1034199002912257,0.1034199002912257,0.16684100418410042
BW_Bretagne,91juangabriels,1,0.0997051615008594,0.0997051615008594,0.16527196652719667
BW_Bretagne,Richard Bourne,1,0.0979889849357155,0.0979889849357155,0.16401673640167364
BW_Bretagne,E3260RVandreab,1,0.0974648438074348,0.0974648438074348,0.1637029288702929
BW_Bretagne,Aideen Hogg,1,0.0958950279527256,0.0958950279527256,0.16276150627615063
BW_Bretagne,David Church,1,0.0927728867513889,0.0927728867513889,0.15993723849372385
BW_Bretagne,Xochilt Monroy Garcia,1,0.088191995796988,0.088191995796988,0.15679916317991632
BW_Bretagne,Xara,1,0.0880184978216018,0.0880184978216018,0.15648535564853555
BW_Bretagne,Luc Ducept,1,0.087816123548852,0.087816123548852,0.15585774058577406
BW_Bretagne,Mari Bell,1,0.0869213532972654,0.0869213532972654,0.15523012552301257
BW_Bretagne,Tony Reaidi,1,0.0846411846022478,0.0846411846022478,0.15303347280334728
BW_Bretagne,PASCAL Bernard,1,0.0826583288463834,0.0826583288463834,0.15052301255230127
BW_Bretagne,Céline Le Bastard,1,0.0814899557133398,0.0814899557133398,0.14864016736401675
BW_Bretagne,Ismaël K,1,0.0811500964935812,0.0811500964935812,0.14832635983263598
BW_Bretagne,MJS Consulting,1,0.0811020388631871,0.0811020388631871,0.14801255230125523
BW_Bretagne,michaelm578,1,0.0810748809737768,0.0810748809737768,0.1476987447698745
BW_Bretagne,Ingo Schmall,1,0.0805746965022212,0.0805746965022212,0.14675732217573223
BW_Bretagne,Bastien Leroux,1,0.0794731566412429,0.0794731566412429,0.14581589958158997
BW_Bretagne,Mohamed Hamdy,1,0.0783472517551501,0.0783472517551501,0.1448744769874477
BW_Bretagne,"Auteur de l'avis sur ""Tripadvisor""",1,0.0710247598625968,0.0710247598625968,0.13640167364016736
BW_Bretagne,Laura Logez,1,0.0682133604366246,0.0682133604366246,0.13169456066945606
BW_Bretagne,Kerryn Page,1,0.0667695227075415,0.0667695227075415,0.12918410041841005
BW_Bretagne,Leonardo Guglielmi,1,0.066687427741727,0.066687427741727,0.12887029288702928
BW_Bretagne,Jun-avion,1,0.0654462262956747,0.0654462262956747,0.12792887029288702
BW_Bretagne,David Guessel,1,0.0644121165491008,0.0644121165491008,0.12667364016736402
BW_Bretagne,styledesignmusic,1,0.0635433600097639,0.0635433600097639,0.12510460251046027
BW_Bretagne,yucalympic,1,0.0593386952148151,0.0593386952148151,0.12228033472803349
BW_Bretagne,Alberto Rovelli,1,0.0560291354632113,0.0560291354632113,0.12039748953974896
BW_Bretagne,Christie Mars,1,0.0554331924835681,0.0554331924835681,0.11976987447698745
BW_Bretagne,melody Gonzalez,1,0.0546952355617009,0.0546952355617009,0.11914225941422595
BW_Bretagne,Isabelle Martin,1,0.0526499584442427,0.0526499584442427,0.11820083682008369
BW_Bretagne,Johan Dupuis,1,0.0439667832917901,0.0439667832917901,0.11569037656903766
BW_Bretagne,Michael Hamesse,1,0.0429352741775379,0.0429352741775379,0.1147489539748954
BW_Bretagne,Death Disco,1,0.0428104598693505,0.0428104598693505,0.11443514644351466
BW_Bretagne,Eric Guedes (Urika44),1,0.0423275755203103,0.0423275755203103,0.11317991631799164
BW_Bretagne,Lia Silva,1,0.0412144210891105,0.0412144210891105,0.11161087866108788
BW_Bretagne,Jean Jacques P,1,0.040863469798581,0.040863469798581,0.11098326359832636
BW_Bretagne,Pol Mispeponicos,1,0.0365119418602536,0.0365119418602536,0.10815899581589959
BW_Bretagne,Jimmy Parmentier,1,0.0359120120317776,0.0359120120317776,0.10753138075313808
BW_Bretagne,Kevser Balarısı,1,0.0339278012792052,0.0339278012792052,0.10658995815899582
BW_Bretagne,alejandra mejia,1,0.0235827559590387,0.0235827559590387,0.10533472803347281
BW_Bretagne,Michael Mathew,1,0.0235410528396549,0.0235410528396549,0.10502092050209205
BW_Bretagne,Kamina9512,1,0.0185836040839491,0.0185836040839491,0.10313807531380753
BW_Bretagne,Jean François GERMERIE,1,0.0112411049955864,0.0112411049955864,0.10156903765690377
BW_Empire_Elysees,Jerome Jafflin,1,0.55824616979365,0.55824616979365,0.6937238493723848
BW_Empire_Elysees,Rocio Salvador Fernandez,1,0.5252767266364072,0.5252767266364072,0.6858786610878661
BW_Empire_Elysees,Hajar Ben Messaoud,1,0.5234173156597512,0.5234173156597512,0.6849372384937238
BW_Empire_Elysees,silvia antonio,1,0.5170379778396564,0.5170379778396564,0.6824267782426777
BW_Empire_Elysees,gautier clercq,1,0.5135434223677187,0.5135434223677187,0.6799163179916318
BW_Empire_Elysees,Haytham Aziz,1,0.5090778680075003,0.5090778680075003,0.6764644351464435
BW_Empire_Elysees,Lenny Monia,1,0.5074669235719271,0.5074669235719271,0.6755230125523012
BW_Empire_Elysees,Stéphanie barberis,1,0.5074669235719271,0.5074669235719271,0.6755230125523012
BW_Empire_Elysees,Manon Bucamp,1,0.5069284336176927,0.5069284336176927,0.6752092050209204
BW_Empire_Elysees,Vincent LOISON,1,0.5060695334167435,0.5060695334167435,0.6739539748953974
BW_Empire_Elysees,Sandra Maria Jovita Soares,1,0.5058365472517916,0.5058365472517916,0.6736401673640167
BW_Empire_Elysees,Laura Bertocchi,1,0.5038730928572009,0.5038730928572009,0.6701882845188284
BW_Empire_Elysees,Gérard Soïka,1,0.503380084605935,0.503380084605935,0.6692468619246862
BW_Empire_Elysees,Adam Wheildon,1,0.5025024092633483,0.5025024092633483,0.6683054393305439
BW_Empire_Elysees,Maria Jose Abarca,1,0.5019929270406769,0.5019929270406769,0.6679916317991631
BW_Empire_Elysees,Jesse Franzen,1,0.4995421786539382,0.4995421786539382,0.6629707112970711
BW_Empire_Elysees,Familie Panganiban,1,0.4987682344720575,0.4987682344720575,0.6607740585774058
BW_Empire_Elysees,James Joseph,1,0.4975201083313951,0.4975201083313951,0.6598326359832636
BW_Empire_Elysees,Daniel Grunberg,1,0.4961385450326049,0.4961385450326049,0.6576359832635983
BW_Empire_Elysees,Monica Parra,1,0.4958145052360255,0.4958145052360255,0.6570083682008367
BW_Empire_Elysees,Justine Ma,1,0.4956140819344592,0.4956140819344592,0.656694560669456
BW_Empire_Elysees,Alessia Padellaro,1,0.4955708263302177,0.4955708263302177,0.6560669456066945
BW_Empire_Elysees,Magdalena Pesheva,1,0.4926455298533773,0.4926455298533773,0.6510460251046024
BW_Empire_Elysees,Jeltok 2,1,0.4921007488352215,0.4921007488352215,0.650418410041841
BW_Empire_Elysees,Patrizia Schirripa,1,0.4914653951002454,0.4914653951002454,0.6485355648535565
BW_Empire_Elysees,Markus Gebauer _ urbexery,1,0.4891402051457597,0.4891402051457597,0.6428870292887029
BW_Empire_Elysees,carlos duzarte,1,0.4878683598478672,0.4878683598478672,0.6381799163179915
BW_Empire_Elysees,Nicolas Hinderschiett,1,0.4878243544895535,0.4878243544895535,0.6378661087866109
BW_Empire_Elysees,Sylcho C,1,0.487815613442917,0.487815613442917,0.6375523012552301
BW_Empire_Elysees,Amelie Fleurance,1,0.4865426119191777,0.4865426119191777,0.6341004184100417
BW_Empire_Elysees,Sebastian Frelak,1,0.4863132606745779,0.4863132606745779,0.6328451882845187
BW_Empire_Elysees,Sandrine POZZOBON,1,0.4858060338904139,0.4858060338904139,0.6306485355648536
BW_Empire_Elysees,Kellie Emery,1,0.4844894672070804,0.4844894672070804,0.626255230125523
BW_Empire_Elysees,LUIS HERNANDEZ PEREZ,1,0.4833815341196991,0.4833815341196991,0.6218619246861924
BW_Empire_Elysees,Marlene Klamminger,1,0.4826585204584206,0.4826585204584206,0.6193514644351464
BW_Empire_Elysees,Felipe Duhalde Faundez,1,0.4826333599040497,0.4826333599040497,0.6187238493723849
BW_Empire_Elysees,Magalie Jaillet,1,0.4826292231589499,0.4826292231589499,0.6184100418410041
BW_Empire_Elysees,renata rocchia,1,0.482101117706627,0.482101117706627,0.6171548117154811
BW_Empire_Elysees,William Quillet,1,0.4818630950476446,0.4818630950476446,0.6152719665271966
BW_Empire_Elysees,Fabien Faure,1,0.4814375317700846,0.4814375317700846,0.6127615062761506
BW_Empire_Elysees,Alberto Crisóstomo,1,0.4811068758884243,0.4811068758884243,0.610878661087866
BW_Empire_Elysees,Alicia,1,0.4810839579917887,0.4810839579917887,0.6099372384937238
BW_Empire_Elysees,sorenza chauffour,1,0.4802956764193289,0.4802956764193289,0.6074267782426778
BW_Empire_Elysees,Agustina C,1,0.4799294528481256,0.4799294528481256,0.6055439330543932
BW_Empire_Elysees,Alex Fonda,1,0.4798913396496009,0.4798913396496009,0.6052301255230125
BW_Empire_Elysees,Khadija Dorset,1,0.478020963159317,0.478020963159317,0.5967573221757322
BW_Empire_Elysees,Isabelle Charpentier,1,0.4779225251196146,0.4779225251196146,0.5958158995815899
BW_Empire_Elysees,Carlos Borborema,1,0.4779053123025416,0.4779053123025416,0.5955020920502092
BW_Empire_Elysees,Marika Ottinger,1,0.4773785772793718,0.4773785772793718,0.5942468619246861
BW_Empire_Elysees,Jonathan Hamouda,1,0.4767259621274887,0.4767259621274887,0.5926778242677824
BW_Empire_Elysees,A. E.,1,0.4758378152332516,0.4758378152332516,0.5882845188284519
BW_Empire_Elysees,kei,1,0.4755921434864002,0.4755921434864002,0.5867154811715481
BW_Empire_Elysees,Solidarité & Sport,1,0.4743614141288925,0.4743614141288925,0.581694560669456
BW_Empire_Elysees,Giovanna Zenobio,1,0.4743596361285177,0.4743596361285177,0.5810669456066946
BW_Empire_Elysees,Enika Biernacka,1,0.4733464089980324,0.4733464089980324,0.5747907949790795
BW_Empire_Elysees,Jan S.,1,0.4730082835872357,0.4730082835872357,0.5725941422594142
BW_Empire_Elysees,massimo amici,1,0.4717973453664791,0.4717973453664791,0.5653765690376569
BW_Empire_Elysees,Oksana Kikava,1,0.4713927119963553,0.4713927119963553,0.5644351464435146
BW_Empire_Elysees,M.S. Choi,1,0.4709390806238857,0.4709390806238857,0.5616108786610878
BW_Empire_Elysees,America Villani,1,0.4709366402677404,0.4709366402677404,0.5612970711297071
BW_Empire_Elysees,Hamidi Hayet,1,0.4701984332504484,0.4701984332504484,0.5578451882845188
BW_Empire_Elysees,Jess,1,0.4699471795471379,0.4699471795471379,0.5556485355648535
BW_Empire_Elysees,K. SED.,1,0.469677783280299,0.469677783280299,0.5540794979079497
BW_Empire_Elysees,Renata Merlos,1,0.4695468753702053,0.4695468753702053,0.5537656903765691
BW_Empire_Elysees,Ning Gao,1,0.4692166376404579,0.4692166376404579,0.5518828451882845
BW_Empire_Elysees,Armen Alemian,1,0.468987717601772,0.468987717601772,0.5509414225941422
BW_Empire_Elysees,Cathy Gobert,1,0.4684815501344815,0.4684815501344815,0.5499999999999999
BW_Empire_Elysees,Pascal Petit,1,0.4684187906744433,0.4684187906744433,0.5490585774058577
BW_Empire_Elysees,gui llaume,1,0.4678423241278615,0.4678423241278615,0.5443514644351465
BW_Empire_Elysees,emad edward,1,0.4674502594179209,0.4674502594179209,0.5430962343096234
BW_Empire_Elysees,Justina Koriznaitė,1,0.4671817472725292,0.4671817472725292,0.5418410041841004
BW_Empire_Elysees,Ksenija Baždarić,1,0.4667843378263074,0.4667843378263074,0.5405857740585773
BW_Empire_Elysees,Dharma Initiative,1,0.4667260290530099,0.4667260290530099,0.5399581589958159
BW_Empire_Elysees,Azerty,1,0.4660352685871167,0.4660352685871167,0.5368200836820084
BW_Empire_Elysees,Aggeliki Taxintari,1,0.4656442293885304,0.4656442293885304,0.5346234309623431
BW_Empire_Elysees,Danielle Trovalet,1,0.4654018111432903,0.4654018111432903,0.5339958158995816
BW_Empire_Elysees,Samanta Nakazato,1,0.4653378968164043,0.4653378968164043,0.5330543933054394
BW_Empire_Elysees,Belen Begraola,1,0.4652797079955366,0.4652797079955366,0.5317991631799163
BW_Empire_Elysees,Docteur Goetz,1,0.4652185355808902,0.4652185355808902,0.5311715481171548
BW_Empire_Elysees,Brigitte vicari,1,0.4651492516869641,0.4651492516869641,0.5302301255230125
BW_Empire_Elysees,dimitris palikaridis,1,0.4648563021596361,0.4648563021596361,0.5296025104602511
BW_Empire_Elysees,Tim Vasvi,1,0.4648514822636995,0.4648514822636995,0.5292887029288703
BW_Empire_Elysees,Ressiguie Cedric,1,0.4647250471147438,0.4647250471147438,0.5286610878661088
BW_Empire_Elysees,Cedric Faucheret,1,0.4645918457604983,0.4645918457604983,0.5280334728033472
BW_Empire_Elysees,Manon Vd,1,0.46409661902836,0.46409661902836,0.5261506276150627
BW_Empire_Elysees,My Nice Photo Shop,1,0.4634612288823848,0.4634612288823848,0.5230125523012552
BW_Empire_Elysees,celso gesta,1,0.4628059164282781,0.4628059164282781,0.5192468619246862
BW_Empire_Elysees,Valerie Roche,1,0.4626549969649338,0.4626549969649338,0.5186192468619247
BW_Empire_Elysees,valérie colapinto,1,0.4626000677256616,0.4626000677256616,0.5179916317991632
BW_Empire_Elysees,Phil Morris,1,0.4625969348820434,0.4625969348820434,0.5176778242677824
BW_Empire_Elysees,Pipi Pupuka,1,0.4624082677898277,0.4624082677898277,0.517050209205021
BW_Empire_Elysees,Christian Le Lausque,1,0.4618601886364719,0.4618601886364719,0.5148535564853556
BW_Empire_Elysees,Chris -,1,0.4617902839397626,0.4617902839397626,0.5142259414225941
BW_Empire_Elysees,Bernard Turquès,1,0.4611919860770047,0.4611919860770047,0.5098326359832637
BW_Empire_Elysees,Alfonso Castillo Gonzalez,1,0.4610198224340512,0.4610198224340512,0.5088912133891214
BW_Empire_Elysees,Cathy M.,1,0.4606013418590164,0.4606013418590164,0.5066945606694561
BW_Empire_Elysees,Renato Marques,1,0.4603058590905244,0.4603058590905244,0.5051255230125523
BW_Empire_Elysees,C. line,1,0.4595273201650738,0.4595273201650738,0.5010460251046025
BW_Empire_Elysees,Tata Aisha,1,0.4579360469101567,0.4579360469101567,0.4960251046025105
BW_Empire_Elysees,Mariluca Business,1,0.4567568744086112,0.4567568744086112,0.49194560669456067
BW_Empire_Elysees,Maurice MINVIELLE,1,0.4566877668579423,0.4566877668579423,0.4916317991631799
BW_Empire_Elysees,Matthew Toth,1,0.4565375933867888,0.4565375933867888,0.4903765690376569
BW_Empire_Elysees,ayaki nami,1,0.4562098637267076,0.4562098637267076,0.48880753138075317
BW_Empire_Elysees,Ion Sandu,1,0.455659724509554,0.455659724509554,0.48566945606694567
BW_Empire_Elysees,Ivan Zakharchenko,1,0.4549326014581906,0.4549326014581906,0.48378661087866104
BW_Empire_Elysees,Christine PERES,1,0.454756572008844,0.454756572008844,0.48347280334728027
BW_Empire_Elysees,mag f,1,0.4542912184789213,0.4542912184789213,0.4831589958158996
BW_Empire_Elysees,Anair,1,0.4539887917055115,0.4539887917055115,0.4819037656903765
BW_Empire_Elysees,frederic molard,1,0.4527490610430602,0.4527490610430602,0.4800209205020921
BW_Empire_Elysees,Laetitia Cuny,1,0.4526499264315518,0.4526499264315518,0.47970711297071134
BW_Empire_Elysees,Jo Toussaint,1,0.4521025636598519,0.4521025636598519,0.478765690376569
BW_Empire_Elysees,Joanna Reynosa,1,0.4519739987522627,0.4519739987522627,0.47845188284518836
BW_Empire_Elysees,Marine B.,1,0.4518311086480633,0.4518311086480633,0.47751046025104604
BW_Empire_Elysees,Hui Zhang,1,0.4495755004836116,0.4495755004836116,0.47217573221757325
BW_Empire_Elysees,Benjamin Besso,1,0.4492314955481927,0.4492314955481927,0.47092050209205016
BW_Empire_Elysees,yenny yoris,1,0.4488084047459128,0.4488084047459128,0.46903765690376564
BW_Empire_Elysees,Anna rodriguez,1,0.4485826871485682,0.4485826871485682,0.468723849372385
BW_Empire_Elysees,Dora Pal,1,0.4483227844928167,0.4483227844928167,0.46684100418410046
BW_Empire_Elysees,Olivier Pierron,1,0.447713223969321,0.447713223969321,0.46464435146443517
BW_Empire_Elysees,Julien Doriath,1,0.4474610968820205,0.4474610968820205,0.4633891213389121
BW_Empire_Elysees,Sili Si,1,0.446295051224139,0.446295051224139,0.4599372384937239
BW_Empire_Elysees,Pierre Vicard,1,0.4448844757041447,0.4448844757041447,0.4571129707112971
BW_Empire_Elysees,Amanda Sammut,1,0.4442625680861269,0.4442625680861269,0.4558577405857741
BW_Empire_Elysees,Mohamed mehdi Berrada,1,0.4436457243694737,0.4436457243694737,0.454602510460251
BW_Empire_Elysees,tiphaine gaillard,1,0.4431063505191464,0.4431063505191464,0.45334728033472804
BW_Empire_Elysees,Andrea Götz,1,0.4421277862770551,0.4421277862770551,0.450836820083682
BW_Empire_Elysees,guillaume loit,1,0.4404559954136967,0.4404559954136967,0.448326359832636
BW_Empire_Elysees,Silvina Pérez Apreda,1,0.4379231254501836,0.4379231254501836,0.4433054393305439
BW_Empire_Elysees,Sebastien Halle,1,0.4359743636842079,0.4359743636842079,0.43859832635983265
BW_Empire_Elysees,Claude Challal,1,0.435282530063464,0.435282530063464,0.4379707112970711
BW_Empire_Elysees,Geoff Felgate,1,0.4345198038851704,0.4345198038851704,0.4370292887029289
BW_Empire_Elysees,Alina Roszek,1,0.4337973918953848,0.4337973918953848,0.4351464435146444
BW_Empire_Elysees,Jonathan Pellegrino,1,0.4312188480609554,0.4312188480609554,0.43200836820083677
BW_Empire_Elysees,Massimo Spina,1,0.422248199572217,0.422248199572217,0.4225941422594143
BW_Empire_Elysees,Evgheni K,1,0.4185509898659286,0.4185509898659286,0.4182008368200837
BW_Empire_Elysees,Ami Elishav,1,0.4182500116770792,0.4182500116770792,0.41757322175732214
BW_Empire_Elysees,Odette Domingues,1,0.4170508857757769,0.4170508857757769,0.41663179916317994
BW_Empire_Elysees,T tihara,1,0.4156106534173397,0.4156106534173397,0.4160041841004184
BW_Empire_Elysees,Balla Alexandra,1,0.415279145438403,0.415279145438403,0.41569037656903773
BW_Empire_Elysees,Jan Med,1,0.413917099620837,0.413917099620837,0.4150627615062761
BW_Empire_Elysees,Eliana Feliz,1,0.4130470840576325,0.4130470840576325,0.4147489539748954
BW_Empire_Elysees,Serrat Elodie,1,0.4124763699777434,0.4124763699777434,0.41349372384937233
BW_Empire_Elysees,Jihane Khattat,1,0.412281285505104,0.412281285505104,0.41317991631799167
BW_Empire_Elysees,Hassane Mir,1,0.4099003956438798,0.4099003956438798,0.4109832635983264
BW_Empire_Elysees,H L,1,0.4070047476067364,0.4070047476067364,0.4084728033472803
BW_Empire_Elysees,Antanas Šimelionis,1,0.3661566803332697,0.3661566803332697,0.4021966527196652
BW_Empire_Elysees,Jean-Christophe Guyot,1,0.350409666113826,0.350409666113826,0.39968619246861925
BW_Empire_Elysees,Luiz Adriano TM,1,0.3305114133481897,0.3305114133481897,0.39560669456066944
BW_Empire_Elysees,FLOD,1,0.3240653943632155,0.3240653943632155,0.39215481171548117
BW_Empire_Elysees,Patrick GEROUDET,1,0.3223982159954757,0.3223982159954757,0.3918410041841004
BW_Empire_Elysees,Bernard Leguevaques,1,0.3208670604027337,0.3208670604027337,0.39027196652719665
BW_Empire_Elysees,Maria Davi,1,0.3131334666755426,0.3131334666755426,0.382112970711297
BW_Empire_Elysees,Diego Galetto,1,0.3056951957596497,0.3056951957596497,0.37458158995815904
BW_Empire_Elysees,Karl Betham,1,0.3054397223834825,0.3054397223834825,0.3742677824267783
BW_Empire_Elysees,Louisa Summerfield,1,0.3051969145075481,0.3051969145075481,0.37364016736401673
BW_Empire_Elysees,Angelo Marchesi,1,0.303708502484054,0.303708502484054,0.3726987447698744
BW_Empire_Elysees,David,1,0.3013825049961359,0.3013825049961359,0.36830543933054394
BW_Empire_Elysees,Nicola De Paola,1,0.3005423488583452,0.3005423488583452,0.3667364016736402
BW_Empire_Elysees,Karol Wiecki,1,0.2992586856381373,0.2992586856381373,0.3657949790794979
BW_Empire_Elysees,Kir Flo,1,0.2980611850936671,0.2980611850936671,0.3626569037656904
BW_Empire_Elysees,Stephane Renard,1,0.2973636259843099,0.2973636259843099,0.36077405857740585
BW_Empire_Elysees,Julie De wolf,1,0.2962725672597073,0.2962725672597073,0.35857740585774056
BW_Empire_Elysees,Herr Pufflich,1,0.2948844440048447,0.2948844440048447,0.35669456066945604
BW_Empire_Elysees,Peggy Bayliss,1,0.2943187638510026,0.2943187638510026,0.35575313807531384
BW_Empire_Elysees,HERVE FROIDURE,1,0.2927310303293882,0.2927310303293882,0.3519874476987448
BW_Empire_Elysees,Tilo Vick,1,0.2909056990192009,0.2909056990192009,0.34602510460251046
BW_Empire_Elysees,laurent (“Marquis 31”),1,0.2882548293742941,0.2882548293742941,0.33786610878661083
BW_Empire_Elysees,ελσα ρηγα,1,0.2881297245993633,0.2881297245993633,0.3369246861924686
BW_Empire_Elysees,Tatiana S,1,0.28760601283542,0.28760601283542,0.3350418410041841
BW_Empire_Elysees,Lucia Tornaghi,1,0.2874517290753017,0.2874517290753017,0.33410041841004184
BW_Empire_Elysees,Arnaud Burgess,1,0.2873563125463456,0.2873563125463456,0.33347280334728036
BW_Empire_Elysees,gabrielle vieira,1,0.2862968266002532,0.2862968266002532,0.3309623430962343
BW_Empire_Elysees,Davut Emre TAŞAR,1,0.2853571595193879,0.2853571595193879,0.328765690376569
BW_Empire_Elysees,charlène heaulme,1,0.2839709978482832,0.2839709978482832,0.32468619246861924
BW_Empire_Elysees,Sergey Akhmedchin,1,0.2838683967742919,0.2838683967742919,0.32405857740585775
BW_Empire_Elysees,Reinhold Pölzl,1,0.2829558872476957,0.2829558872476957,0.3215481171548117
BW_Empire_Elysees,Arne,1,0.2821351549228411,0.2821351549228411,0.3206066945606695
BW_Empire_Elysees,Andreas Ropel,1,0.2809021027867842,0.2809021027867842,0.31715481171548116
BW_Empire_Elysees,Aleksandra Wiecka,1,0.2799786991960366,0.2799786991960366,0.3130753138075314
BW_Empire_Elysees,W T,1,0.2798251720649636,0.2798251720649636,0.31244769874476985
BW_Empire_Elysees,Marco Verch,1,0.2797646519654774,0.2797646519654774,0.31182008368200836
BW_Empire_Elysees,Julie O,1,0.279565674282839,0.279565674282839,0.3096234309623431
BW_Empire_Elysees,Benoit Perrotin,1,0.2793293891988976,0.2793293891988976,0.3080543933054394
BW_Empire_Elysees,Jeff P (Jpim06),1,0.2788556344468165,0.2788556344468165,0.3064853556485356
BW_Empire_Elysees,ADRIANA PATRICIA GOLIA,1,0.2784759440313404,0.2784759440313404,0.30523012552301254
BW_Empire_Elysees,Motasim Amin,1,0.2781103165158407,0.2781103165158407,0.3036610878661088
BW_Empire_Elysees,Оксана Makarenko,1,0.2779676847911451,0.2779676847911451,0.30177824267782427
BW_Empire_Elysees,Antonio Barajas,1,0.2776720130508198,0.2776720130508198,0.3011506276150627
BW_Empire_Elysees,David Moi,1,0.2775972505921948,0.2775972505921948,0.30052301255230124
BW_Empire_Elysees,Kiki Kaka,1,0.2773675000117396,0.2773675000117396,0.299581589958159
BW_Empire_Elysees,elisabeth leseigneur,1,0.2767570403327308,0.2767570403327308,0.2973849372384937
BW_Empire_Elysees,Mike SkyWalker,1,0.2756874148763886,0.2756874148763886,0.29267782426778244
BW_Empire_Elysees,Victor Lins,1,0.2746564448260258,0.2746564448260258,0.29048117154811715
BW_Empire_Elysees,Pierre Allain,1,0.2742019152890436,0.2742019152890436,0.28953974895397494
BW_Empire_Elysees,S,1,0.2738908191046532,0.2738908191046532,0.2889121338912134
BW_Empire_Elysees,Antonio Stasi,1,0.2738517704353756,0.2738517704353756,0.28828451882845185
BW_Empire_Elysees,Martina Spring,1,0.2736616480891293,0.2736616480891293,0.28734309623430965
BW_Empire_Elysees,Juergen Sprinz,1,0.2726545969165597,0.2726545969165597,0.2848326359832636
BW_Empire_Elysees,Cloé Beaulinette,1,0.2725469507303525,0.2725469507303525,0.2835774058577406
BW_Empire_Elysees,Burçak Tanattı,1,0.2723080657333285,0.2723080657333285,0.2820083682008368
BW_Empire_Elysees,Sandra M,1,0.2721095425059749,0.2721095425059749,0.28043933054393305
BW_Empire_Elysees,Vanessa Ferdinand,1,0.2714995474068131,0.2714995474068131,0.27855648535564853
BW_Empire_Elysees,John Lutz,1,0.271227625068584,0.271227625068584,0.2773012552301255
BW_Empire_Elysees,Nicolas CdX66,1,0.2702906393574928,0.2702906393574928,0.27510460251046026
BW_Empire_Elysees,Paolo Ghilardi,1,0.269484676339088,0.269484676339088,0.2719665271966527
BW_Empire_Elysees,Eden M,1,0.2692647830478828,0.2692647830478828,0.27071129707112973
BW_Empire_Elysees,L V,1,0.2686116087796316,0.2686116087796316,0.2694560669456067
BW_Empire_Elysees,Oceana Alvarez,1,0.2677443267583583,0.2677443267583583,0.2675732217573222
BW_Empire_Elysees,Sasa Plestenjak,1,0.2672513587605784,0.2672513587605784,0.26631799163179914
BW_Empire_Elysees,Tatiana,1,0.2658783628415223,0.2658783628415223,0.2625523012552301
BW_Empire_Elysees,Christelle Chabaud,1,0.2653118338480495,0.2653118338480495,0.2600418410041841
BW_Empire_Elysees,Pekka Lukkaroinen,1,0.2649179757829192,0.2649179757829192,0.2572175732217573
BW_Empire_Elysees,Stéphane B.,1,0.2646958368536144,0.2646958368536144,0.2550209205020921
BW_Empire_Elysees,Yann Devisse,1,0.2643280045566779,0.2643280045566779,0.25376569037656904
BW_Empire_Elysees,Syl Cap,1,0.264024839669886,0.264024839669886,0.2518828451882845
BW_Empire_Elysees,Special Agent,1,0.2639371320126742,0.2639371320126742,0.25094142259414226
BW_Empire_Elysees,Guillaume Delange,1,0.2622678611082787,0.2622678611082787,0.24654811715481173
BW_Empire_Elysees,Lynnette Scavo,1,0.2621371628575624,0.2621371628575624,0.24560669456066944
BW_Empire_Elysees,Nicola Lucafò,1,0.2620592774411645,0.2620592774411645,0.2452928870292887
BW_Empire_Elysees,Ahmad Dawwas,1,0.2618721952043125,0.2618721952043125,0.24435146443514644
BW_Empire_Elysees,Com'on Gyro Pro,1,0.2588667876523453,0.2588667876523453,0.23713389121338913
BW_Empire_Elysees,sarah attal,1,0.2585236530988913,0.2585236530988913,0.23587866108786612
BW_Empire_Elysees,Jeff Nichols,1,0.2584854861883088,0.2584854861883088,0.23556485355648535
BW_Empire_Elysees,Lucas Oruezabal (Milyc),1,0.2574496647950924,0.2574496647950924,0.23430962343096234
BW_Empire_Elysees,Sebastian Skuza,1,0.2573928474379543,0.2573928474379543,0.2339958158995816
BW_Empire_Elysees,Binta Camara,1,0.2564747400837235,0.2564747400837235,0.23117154811715482
BW_Empire_Elysees,Steph BD,1,0.2541578466593606,0.2541578466593606,0.227092050209205
BW_Empire_Elysees,Luca Morcavallo,1,0.2533216313991015,0.2533216313991015,0.22646443514644352
BW_Empire_Elysees,سهيل حافظ جمل,1,0.2514815325633915,0.2514815325633915,0.22207112970711296
BW_Empire_Elysees,Louisa Brrl,1,0.2505261520821671,0.2505261520821671,0.2205020920502092
BW_Empire_Elysees,Uwe Boch,1,0.2475743875950355,0.2475743875950355,0.2132845188284519
BW_Empire_Elysees,DELPHINE BUREAU,1,0.2470056321683834,0.2470056321683834,0.2117154811715481
BW_Empire_Elysees,YAM T,1,0.2455910415567408,0.2455910415567408,0.20920502092050208
BW_Empire_Elysees,Stéphane Arnaud Perso (STEPHANE ARNAUD),1,0.2453239629033285,0.2453239629033285,0.20889121338912137
BW_Empire_Elysees,John DZ,1,0.2451089219536732,0.2451089219536732,0.20794979079497908
BW_Empire_Elysees,Sara Salvadori,1,0.2446905635441873,0.2446905635441873,0.20732217573221756
BW_Empire_Elysees,S Sion,1,0.2382803769725497,0.2382803769725497,0.20010460251046025
BW_Empire_Elysees,Vanlaer O,1,0.2329071116700878,0.2329071116700878,0.1950836820083682
BW_Empire_Elysees,Julie Lanoy,1,0.2178228015678867,0.2178228015678867,0.18692468619246863
BW_Empire_Elysees,8jb6,1,0.2177984620878496,0.2177984620878496,0.18661087866108786
BW_Empire_Elysees,catherine sanders,1,0.2152898114171571,0.2152898114171571,0.18566945606694563
BW_Empire_Elysees,Moussine B,1,0.2150894760588699,0.2150894760588699,0.18535564853556485
BW_Empire_Elysees,Aisha KONE,1,0.20533694554903,0.20533694554903,0.18315899581589956
BW_Empire_Elysees,Sofiane KARKOUR,1,0.1326311792131777,0.1326311792131777,0.17782426778242677
BW_Empire_Elysees,Dmitrijs Kon,1,0.1286791409126375,0.1286791409126375,0.17719665271966528
BW_Empire_Elysees,William De Donato,1,0.1016670997949066,0.1016670997949066,0.16652719665271967
BW_Empire_Elysees,Mikolaj Rutkowski,1,0.096569794622025,0.096569794622025,0.16338912133891215
BW_Empire_Elysees,Pielos Rose,1,0.0963758125627023,0.0963758125627023,0.16307531380753137
BW_Empire_Elysees,Ismini Tsagkaraki,1,0.0955286244442781,0.0955286244442781,0.16213389121338911
BW_Empire_Elysees,O C,1,0.0955208662204449,0.0955208662204449,0.16182008368200837
BW_Empire_Elysees,Gilles BOUVIER,1,0.0950961351065542,0.0950961351065542,0.16119246861924685
BW_Empire_Elysees,Leonardo La Cava,1,0.0933617404757568,0.0933617404757568,0.16056485355648537
BW_Empire_Elysees,ساره الكعبي,1,0.0878632152248056,0.0878632152248056,0.1561715481171548
BW_Empire_Elysees,Katja K.,1,0.0876482683421355,0.0876482683421355,0.15554393305439332
BW_Empire_Elysees,AGA 21,1,0.0847973635728324,0.0847973635728324,0.15334728033472803
BW_Empire_Elysees,Quentin Sanchez,1,0.0843873763873097,0.0843873763873097,0.15271966527196654
BW_Empire_Elysees,Erhan Kabatas,1,0.0800358070661303,0.0800358070661303,0.14644351464435146
BW_Empire_Elysees,Bertrand Carel,1,0.0793555159453375,0.0793555159453375,0.1455020920502092
BW_Empire_Elysees,Cyril monte,1,0.07770041660184,0.07770041660184,0.14361924686192468
BW_Empire_Elysees,Gilbert FONTES,1,0.0776419982668333,0.0776419982668333,0.14330543933054393
BW_Empire_Elysees,Adam Clark,1,0.0771051981958563,0.0771051981958563,0.14236401673640167
BW_Empire_Elysees,isnel jerome,1,0.0760666981429871,0.0760666981429871,0.14173640167364016
BW_Empire_Elysees,Aux coteaux d’Aussac Leclere Sante,1,0.0750464593050708,0.0750464593050708,0.1407949790794979
BW_Empire_Elysees,Patrick Luquet,1,0.0742281248607676,0.0742281248607676,0.13985355648535566
BW_Empire_Elysees,Benj Olivé,1,0.0737106601052415,0.0737106601052415,0.13922594142259415
BW_Empire_Elysees,Stephane Huguenin,1,0.0736377309585067,0.0736377309585067,0.1389121338912134
BW_Empire_Elysees,ابو محمد,1,0.0728670789136911,0.0728670789136911,0.13859832635983263
BW_Empire_Elysees,Irving Remy,1,0.0671758006554879,0.0671758006554879,0.12981171548117154
BW_Empire_Elysees,Carlos Pereira,1,0.0664291826945262,0.0664291826945262,0.12855648535564854
BW_Empire_Elysees,Ariane G.,1,0.0663735030730315,0.0663735030730315,0.1282426778242678
BW_Empire_Elysees,Romina Polo,1,0.0639607437858264,0.0639607437858264,0.12573221757322176
BW_Empire_Elysees,Noella Bonnier-Fujii,1,0.0638656598900414,0.0638656598900414,0.125418410041841
BW_Empire_Elysees,Александр Григорьев,1,0.0630468278185745,0.0630468278185745,0.12447698744769875
BW_Empire_Elysees,Bushry,1,0.0625080368828081,0.0625080368828081,0.12384937238493725
BW_Empire_Elysees,Cameron Dorsett,1,0.0622845330703714,0.0622845330703714,0.12353556485355649
BW_Empire_Elysees,Peyron Jerome,1,0.0617282043034427,0.0617282043034427,0.12322175732217573
BW_Empire_Elysees,seddik merabet,1,0.06013141551119,0.06013141551119,0.12259414225941423
BW_Empire_Elysees,Viviane Ransato,1,0.0543686958568278,0.0543686958568278,0.11882845188284519
BW_Empire_Elysees,Joao Borges,1,0.0512693538228176,0.0512693538228176,0.11788702928870293
BW_Empire_Elysees,Pascale Ciesla,1,0.0369119679065651,0.0369119679065651,0.10910041841004184
BW_Empire_Elysees,jonathan maillet,1,0.0259276265366364,0.0259276265366364,0.10596234309623431
BW_Empire_Elysees,Alain Bourès,1,0.0167650572729632,0.0167650572729632,0.10251046025104603
BW_Litteraire_Marcel_Ayme,Valdemar Domingos,1,0.550801676864479,0.550801676864479,0.6924686192468619
BW_Litteraire_Marcel_Ayme,stephane lhomme,1,0.5501668987793422,0.5501668987793422,0.6918410041841004
BW_Litteraire_Marcel_Ayme,franciscov181,1,0.5405836555282761,0.5405836555282761,0.6905857740585774
BW_Litteraire_Marcel_Ayme,Heather Barrett,1,0.5385160583312755,0.5385160583312755,0.689644351464435
BW_Litteraire_Marcel_Ayme,Florence Mabille,1,0.535592389304615,0.535592389304615,0.6880753138075313
BW_Litteraire_Marcel_Ayme,Pep Roca Roca,1,0.5283685633222148,0.5283685633222148,0.6871338912133891
BW_Litteraire_Marcel_Ayme,Hanna ALEM,1,0.5244030310136276,0.5244030310136276,0.6855648535564853
BW_Litteraire_Marcel_Ayme,Claude Stoeckel,1,0.5196762486037566,0.5196762486037566,0.68336820083682
BW_Litteraire_Marcel_Ayme,karoline lieberkind,1,0.5169206995679677,0.5169206995679677,0.6821129707112971
BW_Litteraire_Marcel_Ayme,417jds,1,0.5149463769232461,0.5149463769232461,0.6814853556485355
BW_Litteraire_Marcel_Ayme,Kinjal Patel,1,0.5147069095571217,0.5147069095571217,0.6811715481171547
BW_Litteraire_Marcel_Ayme,Paule Dassy,1,0.5132811625828035,0.5132811625828035,0.6792887029288702
BW_Litteraire_Marcel_Ayme,Tony Autunno,1,0.5129797685219888,0.5129797685219888,0.6786610878661088
BW_Litteraire_Marcel_Ayme,l e,1,0.508964350576439,0.508964350576439,0.6761506276150627
BW_Litteraire_Marcel_Ayme,Eleanore_mb,1,0.5076218065114352,0.5076218065114352,0.675836820083682
BW_Litteraire_Marcel_Ayme,Annett Pallarz,1,0.5066479738129506,0.5066479738129506,0.674581589958159
BW_Litteraire_Marcel_Ayme,Simon Chilton,1,0.5065543995868832,0.5065543995868832,0.6742677824267782
BW_Litteraire_Marcel_Ayme,Colene Boskovic,1,0.5053056161551858,0.5053056161551858,0.6726987447698745
BW_Litteraire_Marcel_Ayme,Chris Lamb,1,0.5048821525407221,0.5048821525407221,0.6723849372384937
BW_Litteraire_Marcel_Ayme,Jye Coleman,1,0.5041739524562261,0.5041739524562261,0.6708158995815899
BW_Litteraire_Marcel_Ayme,Alberto perez,1,0.5029891735796089,0.5029891735796089,0.6689330543933054
BW_Litteraire_Marcel_Ayme,RA Beike,1,0.5015737814898403,0.5015737814898403,0.6667364016736401
BW_Litteraire_Marcel_Ayme,993bertw,1,0.5015075616368387,0.5015075616368387,0.6661087866108787
BW_Litteraire_Marcel_Ayme,wealll0vet0travel,1,0.5007324779219198,0.5007324779219198,0.6648535564853556
BW_Litteraire_Marcel_Ayme,Valerio R.,1,0.5004727344052122,0.5004727344052122,0.6645397489539748
BW_Litteraire_Marcel_Ayme,Lottie Woodward,1,0.5004380837088371,0.5004380837088371,0.6642259414225941
BW_Litteraire_Marcel_Ayme,steven heath,1,0.4993857502355824,0.4993857502355824,0.6626569037656903
BW_Litteraire_Marcel_Ayme,J C,1,0.4992672604139878,0.4992672604139878,0.6623430962343095
BW_Litteraire_Marcel_Ayme,GRAZIELLA PISANO,1,0.4986332671683702,0.4986332671683702,0.6604602510460251
BW_Litteraire_Marcel_Ayme,Ton van der Zwet,1,0.4973420823046726,0.4973420823046726,0.6595188284518828
BW_Litteraire_Marcel_Ayme,Marine WANAT,1,0.4968754319119973,0.4968754319119973,0.6588912133891213
BW_Litteraire_Marcel_Ayme,Andy Ong,1,0.4967517514097023,0.4967517514097023,0.6585774058577405
BW_Litteraire_Marcel_Ayme,Jean-Claude GAYRAUD,1,0.4960867501408044,0.4960867501408044,0.6573221757322175
BW_Litteraire_Marcel_Ayme,Lissette Solís,1,0.4956102318353287,0.4956102318353287,0.6563807531380753
BW_Litteraire_Marcel_Ayme,Rennauld Stephanie,1,0.4953929731304632,0.4953929731304632,0.6557531380753138
BW_Litteraire_Marcel_Ayme,Melissa Coughlin,1,0.4951672875367746,0.4951672875367746,0.655439330543933
BW_Litteraire_Marcel_Ayme,Valérie Bérengère,1,0.4946416804850678,0.4946416804850678,0.6548117154811716
BW_Litteraire_Marcel_Ayme,Rachel,1,0.4945899321126674,0.4945899321126674,0.6538702928870292
BW_Litteraire_Marcel_Ayme,Sinan Kurtbay,1,0.4943980210906897,0.4943980210906897,0.6535564853556485
BW_Litteraire_Marcel_Ayme,Ties de Vaan,1,0.4936956628080891,0.4936956628080891,0.6529288702928869
BW_Litteraire_Marcel_Ayme,g dean (Polk salad),1,0.4930191112217969,0.4930191112217969,0.6519874476987447
BW_Litteraire_Marcel_Ayme,Wendy Osborne,1,0.4930048184448944,0.4930048184448944,0.651673640167364
BW_Litteraire_Marcel_Ayme,ukraine12,1,0.4918456739216209,0.4918456739216209,0.6497907949790794
BW_Litteraire_Marcel_Ayme,Mustafa TÜLÜ,1,0.4915374388229963,0.4915374388229963,0.649163179916318
BW_Litteraire_Marcel_Ayme,Jet Boerhave,1,0.4914786366910916,0.4914786366910916,0.6488493723849372
BW_Litteraire_Marcel_Ayme,chris swain,1,0.4912145337772392,0.4912145337772392,0.6479079497907949
BW_Litteraire_Marcel_Ayme,Maryline Lopez,1,0.4909643843084856,0.4909643843084856,0.6475941422594143
BW_Litteraire_Marcel_Ayme,Lucy Bahiti,1,0.4894926541802718,0.4894926541802718,0.6441422594142259
BW_Litteraire_Marcel_Ayme,VIRGINIE HENNEQUIN,1,0.4893773371124701,0.4893773371124701,0.6435146443514644
BW_Litteraire_Marcel_Ayme,n newell,1,0.4890844959996762,0.4890844959996762,0.6425732217573221
BW_Litteraire_Marcel_Ayme,Frederique Vanandrewelt,1,0.488976931655612,0.488976931655612,0.6422594142259413
BW_Litteraire_Marcel_Ayme,Ispha H,1,0.4889142597608357,0.4889142597608357,0.6416317991631799
BW_Litteraire_Marcel_Ayme,Volodymyr H,1,0.4889137179152992,0.4889137179152992,0.6413179916317991
BW_Litteraire_Marcel_Ayme,Şener ŞEN,1,0.4885692969432135,0.4885692969432135,0.6410041841004184
BW_Litteraire_Marcel_Ayme,Blkprincess10 RN,1,0.4880406215287169,0.4880406215287169,0.6394351464435146
BW_Litteraire_Marcel_Ayme,Татьяна Морозова,1,0.4879385733959194,0.4879385733959194,0.6384937238493723
BW_Litteraire_Marcel_Ayme,Katie Hartmann,1,0.4872874370088264,0.4872874370088264,0.6356694560669456
BW_Litteraire_Marcel_Ayme,Teresa Olivenza,1,0.4865479137422839,0.4865479137422839,0.6344142259414226
BW_Litteraire_Marcel_Ayme,Klaus Weishaupt,1,0.48647910898354,0.48647910898354,0.6337866108786611
BW_Litteraire_Marcel_Ayme,Mohamed Elsaeed elshafia,1,0.486322330215883,0.486322330215883,0.6334728033472803
BW_Litteraire_Marcel_Ayme,Lorey Leddy,1,0.4863174342018846,0.4863174342018846,0.6331589958158995
BW_Litteraire_Marcel_Ayme,ded rol,1,0.4862597160707302,0.4862597160707302,0.6322175732217573
BW_Litteraire_Marcel_Ayme,manonfZ2185WU,1,0.486107378800022,0.486107378800022,0.6319037656903765
BW_Litteraire_Marcel_Ayme,embrunklaus,1,0.4860893681172281,0.4860893681172281,0.6315899581589958
BW_Litteraire_Marcel_Ayme,Laurence,1,0.4857727817035431,0.4857727817035431,0.6303347280334728
BW_Litteraire_Marcel_Ayme,Edu T,1,0.4856711997260148,0.4856711997260148,0.630020920502092
BW_Litteraire_Marcel_Ayme,olgawF9620HM,1,0.4855924428242625,0.4855924428242625,0.6290794979079498
BW_Litteraire_Marcel_Ayme,Joshua Hoag,1,0.4844692087073585,0.4844692087073585,0.6259414225941422
BW_Litteraire_Marcel_Ayme,Lahbib Boutouile,1,0.4844186959516008,0.4844186959516008,0.6256276150627614
BW_Litteraire_Marcel_Ayme,Paula Rowley,1,0.4843345395822678,0.4843345395822678,0.6253138075313807
BW_Litteraire_Marcel_Ayme,Maria Badea,1,0.4839831841847553,0.4839831841847553,0.6237447698744769
BW_Litteraire_Marcel_Ayme,Patrick Johnston,1,0.4827958077093213,0.4827958077093213,0.6199790794979079
BW_Litteraire_Marcel_Ayme,aldila delvino,1,0.4818475236444451,0.4818475236444451,0.6149581589958159
BW_Litteraire_Marcel_Ayme,Margot D,1,0.4815528494482117,0.4815528494482117,0.6137029288702929
BW_Litteraire_Marcel_Ayme,Claire Forward,1,0.4814634419908276,0.4814634419908276,0.6130753138075313
BW_Litteraire_Marcel_Ayme,Damien Dauge,1,0.4812235799843259,0.4812235799843259,0.6118200836820084
BW_Litteraire_Marcel_Ayme,Axel,1,0.4809159610108821,0.4809159610108821,0.6096234309623431
BW_Litteraire_Marcel_Ayme,Joris De Ras,1,0.4806016709565974,0.4806016709565974,0.6089958158995815
BW_Litteraire_Marcel_Ayme,Janette Schraven,1,0.4801087611673575,0.4801087611673575,0.6067991631799162
BW_Litteraire_Marcel_Ayme,ashwin chiang,1,0.4799729288544255,0.4799729288544255,0.6061715481171548
BW_Litteraire_Marcel_Ayme,Ioannis Ioakeimidis,1,0.4798409834779036,0.4798409834779036,0.604602510460251
BW_Litteraire_Marcel_Ayme,Mark Woolley,1,0.4797123229863089,0.4797123229863089,0.6042887029288703
BW_Litteraire_Marcel_Ayme,michaeleminger,1,0.4796946432996668,0.4796946432996668,0.6039748953974895
BW_Litteraire_Marcel_Ayme,Sara Curtis,1,0.4793847166687486,0.4793847166687486,0.6024058577405857
BW_Litteraire_Marcel_Ayme,Dreamer09204516947,1,0.4792258051123557,0.4792258051123557,0.6017782426778242
BW_Litteraire_Marcel_Ayme,C8743NBscottr,1,0.4789061010295086,0.4789061010295086,0.6014644351464434
BW_Litteraire_Marcel_Ayme,matteo bertini,1,0.4788811910481297,0.4788811910481297,0.6011506276150627
BW_Litteraire_Marcel_Ayme,Claude Busca,1,0.4788756032589394,0.4788756032589394,0.600836820083682
BW_Litteraire_Marcel_Ayme,Saundra Sealy,1,0.47883518394383,0.47883518394383,0.6002092050209205
BW_Litteraire_Marcel_Ayme,Milos Bang,1,0.4788249814678803,0.4788249814678803,0.5998953974895397
BW_Litteraire_Marcel_Ayme,Maria Lindström,1,0.4788195151134667,0.4788195151134667,0.599581589958159
BW_Litteraire_Marcel_Ayme,Brandi Dolezal,1,0.4785566034566828,0.4785566034566828,0.5989539748953975
BW_Litteraire_Marcel_Ayme,Michał Majecki,1,0.4783206963735217,0.4783206963735217,0.5986401673640167
BW_Litteraire_Marcel_Ayme,beppe sequestro,1,0.4781622380285951,0.4781622380285951,0.5983263598326359
BW_Litteraire_Marcel_Ayme,Hynek Filip,1,0.4781468488440788,0.4781468488440788,0.5980125523012553
BW_Litteraire_Marcel_Ayme,Karin Möller,1,0.4774804320370075,0.4774804320370075,0.5948744769874477
BW_Litteraire_Marcel_Ayme,Eitan Orbach,1,0.4774194673722315,0.4774194673722315,0.5945606694560669
BW_Litteraire_Marcel_Ayme,Emilio Romero,1,0.477330285479902,0.477330285479902,0.5939330543933055
BW_Litteraire_Marcel_Ayme,femkevannispen,1,0.4765623283383667,0.4765623283383667,0.5920502092050209
BW_Litteraire_Marcel_Ayme,Emilia Monte,1,0.4765578253166508,0.4765578253166508,0.5917364016736402
BW_Litteraire_Marcel_Ayme,Graziella Arena,1,0.4765172478894847,0.4765172478894847,0.5914225941422594
BW_Litteraire_Marcel_Ayme,anais aubriet,1,0.4762048229252195,0.4762048229252195,0.5901673640167363
BW_Litteraire_Marcel_Ayme,gabrian taylor,1,0.4761668521586985,0.4761668521586985,0.5898535564853556
BW_Litteraire_Marcel_Ayme,Casey and Priscilla,1,0.4761215551707338,0.4761215551707338,0.5895397489539749
BW_Litteraire_Marcel_Ayme,Kevin Schröder,1,0.4759376401819456,0.4759376401819456,0.5892259414225941
BW_Litteraire_Marcel_Ayme,Frank C,1,0.4758643654863872,0.4758643654863872,0.5885983263598326
BW_Litteraire_Marcel_Ayme,Mireille Hildebrandt,1,0.4758133846130719,0.4758133846130719,0.5876569037656904
BW_Litteraire_Marcel_Ayme,Philémon Marcel-Millet,1,0.4755861432668282,0.4755861432668282,0.5864016736401674
BW_Litteraire_Marcel_Ayme,tmaureen2025,1,0.4755574998808458,0.4755574998808458,0.5860878661087866
BW_Litteraire_Marcel_Ayme,pierre legallo,1,0.4754753821226621,0.4754753821226621,0.5854602510460251
BW_Litteraire_Marcel_Ayme,Lola Gonzalez,1,0.4753506451761736,0.4753506451761736,0.5851464435146444
BW_Litteraire_Marcel_Ayme,Georges CHARLOT,1,0.4751072800413161,0.4751072800413161,0.5845188284518829
BW_Litteraire_Marcel_Ayme,Pierrette Barbet,1,0.4750139449368457,0.4750139449368457,0.5842050209205021
BW_Litteraire_Marcel_Ayme,Maxi Mal,1,0.4749943314970485,0.4749943314970485,0.5838912133891213
BW_Litteraire_Marcel_Ayme,rancon julie,1,0.4748307845967319,0.4748307845967319,0.5832635983263598
BW_Litteraire_Marcel_Ayme,Richard Watson,1,0.4745885190002478,0.4745885190002478,0.5826359832635983
BW_Litteraire_Marcel_Ayme,filippo bia,1,0.4744235201739956,0.4744235201739956,0.5823221757322176
BW_Litteraire_Marcel_Ayme,Kévin Cauvin,1,0.474421510308409,0.474421510308409,0.5820083682008368
BW_Litteraire_Marcel_Ayme,vinciguerraaf,1,0.4743604299045633,0.4743604299045633,0.5813807531380752
BW_Litteraire_Marcel_Ayme,Cefalonia2022,1,0.4743297898280609,0.4743297898280609,0.580439330543933
BW_Litteraire_Marcel_Ayme,Priscila DeBonis,1,0.4742595665394206,0.4742595665394206,0.5798117154811715
BW_Litteraire_Marcel_Ayme,Keen Symbiosis,1,0.4741442354927331,0.4741442354927331,0.5791841004184101
BW_Litteraire_Marcel_Ayme,Dritan Taganovic,1,0.4741428445172579,0.4741428445172579,0.5788702928870293
BW_Litteraire_Marcel_Ayme,georgie popham,1,0.4741369163839672,0.4741369163839672,0.5785564853556485
BW_Litteraire_Marcel_Ayme,I K,1,0.4739856592385303,0.4739856592385303,0.577928870292887
BW_Litteraire_Marcel_Ayme,EDMUNDO GONZALEZ,1,0.4738090011642658,0.4738090011642658,0.5769874476987448
BW_Litteraire_Marcel_Ayme,arie martinus vandenakker,1,0.4736538204262424,0.4736538204262424,0.5763598326359832
BW_Litteraire_Marcel_Ayme,Paula Pierce,1,0.473633517831991,0.473633517831991,0.5760460251046025
BW_Litteraire_Marcel_Ayme,Stephen Tint,1,0.4735441223144764,0.4735441223144764,0.5757322175732217
BW_Litteraire_Marcel_Ayme,Lee Oung,1,0.4735033877312577,0.4735033877312577,0.575418410041841
BW_Litteraire_Marcel_Ayme,Jerome Tisserand,1,0.4730831494277809,0.4730831494277809,0.5735355648535565
BW_Litteraire_Marcel_Ayme,Lisa Donhauser,1,0.4730707087306481,0.4730707087306481,0.5732217573221757
BW_Litteraire_Marcel_Ayme,_laura_moragarcia72,1,0.4725707541925997,0.4725707541925997,0.5694560669456067
BW_Litteraire_Marcel_Ayme,Theo Ferey,1,0.4725556382819665,0.4725556382819665,0.5691422594142259
BW_Litteraire_Marcel_Ayme,Marie RABE,1,0.4725109451384557,0.4725109451384557,0.5688284518828451
BW_Litteraire_Marcel_Ayme,Anne Bouthié,1,0.4721046984346948,0.4721046984346948,0.5672594142259414
BW_Litteraire_Marcel_Ayme,Charlotte Belle,1,0.4720648918896312,0.4720648918896312,0.5669456066945606
BW_Litteraire_Marcel_Ayme,Melissa Lavender,1,0.4719980573034462,0.4719980573034462,0.56663179916318
BW_Litteraire_Marcel_Ayme,Clive Lang,1,0.4719259482450031,0.4719259482450031,0.5660041841004184
BW_Litteraire_Marcel_Ayme,Stephen Harrison,1,0.4717484693609546,0.4717484693609546,0.5650627615062761
BW_Litteraire_Marcel_Ayme,Walker Lamond,1,0.4713016953440175,0.4713016953440175,0.5634937238493724
BW_Litteraire_Marcel_Ayme,Timothée Plessy,1,0.4712844264698292,0.4712844264698292,0.5631799163179916
BW_Litteraire_Marcel_Ayme,JEAN PHILIPPE OULIA,1,0.470877326642976,0.470877326642976,0.5609832635983264
BW_Litteraire_Marcel_Ayme,Véronique CAMPION,1,0.4708409003123367,0.4708409003123367,0.5606694560669456
BW_Litteraire_Marcel_Ayme,Nicole With,1,0.4707259408014256,0.4707259408014256,0.5600418410041841
BW_Litteraire_Marcel_Ayme,Seth Higgs,1,0.4706093750110895,0.4706093750110895,0.5597280334728033
BW_Litteraire_Marcel_Ayme,Benoit Bourdeau,1,0.4704948491440355,0.4704948491440355,0.558786610878661
BW_Litteraire_Marcel_Ayme,ncl777,1,0.4701713738919221,0.4701713738919221,0.557531380753138
BW_Litteraire_Marcel_Ayme,Pierre Alteyrac,1,0.4701101934000505,0.4701101934000505,0.5572175732217572
BW_Litteraire_Marcel_Ayme,giusy bianco,1,0.4700773278021642,0.4700773278021642,0.5569037656903766
BW_Litteraire_Marcel_Ayme,April Kerlew,1,0.4698628330133083,0.4698628330133083,0.5550209205020921
BW_Litteraire_Marcel_Ayme,stremblai,1,0.4697510190848413,0.4697510190848413,0.5543933054393305
BW_Litteraire_Marcel_Ayme,Ellen Madigan,1,0.4693658455758074,0.4693658455758074,0.5528242677824268
BW_Litteraire_Marcel_Ayme,Hincesti New,1,0.4693116944842525,0.4693116944842525,0.552510460251046
BW_Litteraire_Marcel_Ayme,K L,1,0.4690044227854279,0.4690044227854279,0.5515690376569037
BW_Litteraire_Marcel_Ayme,Marion Fritsch,1,0.468658106938549,0.468658106938549,0.5503138075313807
BW_Litteraire_Marcel_Ayme,Odyssey24347272624,1,0.4683896044814646,0.4683896044814646,0.548744769874477
BW_Litteraire_Marcel_Ayme,tamo2025,1,0.4683012302574326,0.4683012302574326,0.547489539748954
BW_Litteraire_Marcel_Ayme,Steffi juvubury,1,0.4681036699793536,0.4681036699793536,0.5471757322175732
BW_Litteraire_Marcel_Ayme,Lorraine Leduc,1,0.468022333527163,0.468022333527163,0.5465481171548117
BW_Litteraire_Marcel_Ayme,Collisa Astle,1,0.4679746637177572,0.4679746637177572,0.5459205020920502
BW_Litteraire_Marcel_Ayme,angeladG6648DY,1,0.4679140140179678,0.4679140140179678,0.5449790794979079
BW_Litteraire_Marcel_Ayme,Cecile Auclair,1,0.467463929808518,0.467463929808518,0.5434100418410042
BW_Litteraire_Marcel_Ayme,Robert Cain,1,0.4672631090581061,0.4672631090581061,0.542468619246862
BW_Litteraire_Marcel_Ayme,Aimee Price,1,0.4672272684645184,0.4672272684645184,0.5421548117154812
BW_Litteraire_Marcel_Ayme,Sarah Porter,1,0.4671036366579939,0.4671036366579939,0.541213389121339
BW_Litteraire_Marcel_Ayme,Megan O'Neil,1,0.4666751105314008,0.4666751105314008,0.5396443514644351
BW_Litteraire_Marcel_Ayme,Labi O,1,0.4665072423246101,0.4665072423246101,0.5383891213389121
BW_Litteraire_Marcel_Ayme,Linus Trensare,1,0.4664064275998483,0.4664064275998483,0.5380753138075314
BW_Litteraire_Marcel_Ayme,Andy Kuiper,1,0.4663401184607345,0.4663401184607345,0.5377615062761506
BW_Litteraire_Marcel_Ayme,Isabelle E.,1,0.4663362160727939,0.4663362160727939,0.5374476987447698
BW_Litteraire_Marcel_Ayme,LoD God (Le M),1,0.4660508687765352,0.4660508687765352,0.5371338912133892
BW_Litteraire_Marcel_Ayme,Mathilde Faivre,1,0.4659208118326283,0.4659208118326283,0.5358786610878661
BW_Litteraire_Marcel_Ayme,AlfredoRios,1,0.4658495964350816,0.4658495964350816,0.5355648535564854
BW_Litteraire_Marcel_Ayme,Sara Frighi,1,0.4657811759522277,0.4657811759522277,0.5352510460251046
BW_Litteraire_Marcel_Ayme,Rawan Khalaf,1,0.4656599601193452,0.4656599601193452,0.5349372384937239
BW_Litteraire_Marcel_Ayme,daidj andre daidj,1,0.46533054540607,0.46533054540607,0.5327405857740586
BW_Litteraire_Marcel_Ayme,Jani Janigian,1,0.4653185940715665,0.4653185940715665,0.5324267782426778
BW_Litteraire_Marcel_Ayme,Amedeo68s,1,0.4642651025128111,0.4642651025128111,0.5264644351464435
BW_Litteraire_Marcel_Ayme,Abraham Diallo,1,0.4635680913006693,0.4635680913006693,0.5239539748953975
BW_Litteraire_Marcel_Ayme,Anna Williams-Haines,1,0.463514337779491,0.463514337779491,0.523326359832636
BW_Litteraire_Marcel_Ayme,Bigfunkyman,1,0.4633070991055473,0.4633070991055473,0.5217573221757322
BW_Litteraire_Marcel_Ayme,leli concept store,1,0.4631413660856358,0.4631413660856358,0.5205020920502091
BW_Litteraire_Marcel_Ayme,Jennifer Voss,1,0.4629827500189857,0.4629827500189857,0.5198744769874477
BW_Litteraire_Marcel_Ayme,Paweł Kowalski,1,0.4627124772416283,0.4627124772416283,0.5189330543933054
BW_Litteraire_Marcel_Ayme,Maria Kavaliova,1,0.4625701674614764,0.4625701674614764,0.5173640167364016
BW_Litteraire_Marcel_Ayme,Megane Btck,1,0.4623020488685234,0.4623020488685234,0.5167364016736402
BW_Litteraire_Marcel_Ayme,Maribel Marquez,1,0.4622096403755525,0.4622096403755525,0.5164225941422594
BW_Litteraire_Marcel_Ayme,M7917XXinfo,1,0.461913829671138,0.461913829671138,0.5154811715481171
BW_Litteraire_Marcel_Ayme,Paul Brélivet,1,0.4618096845338879,0.4618096845338879,0.5145397489539749
BW_Litteraire_Marcel_Ayme,Priyanka Rodriguez,1,0.4616041696541613,0.4616041696541613,0.5139121338912134
BW_Litteraire_Marcel_Ayme,349marcosh,1,0.4615892787306461,0.4615892787306461,0.5132845188284518
BW_Litteraire_Marcel_Ayme,Sofia,1,0.4615612348069953,0.4615612348069953,0.5129707112970712
BW_Litteraire_Marcel_Ayme,Ivana Hladka,1,0.4614727911612114,0.4614727911612114,0.5123430962343096
BW_Litteraire_Marcel_Ayme,Matt M,1,0.4614695584567414,0.4614695584567414,0.5120292887029289
BW_Litteraire_Marcel_Ayme,Luca Sanchini,1,0.4614341738986138,0.4614341738986138,0.5114016736401674
BW_Litteraire_Marcel_Ayme,Peter Van der Knaap,1,0.4614211741204375,0.4614211741204375,0.5110878661087866
BW_Litteraire_Marcel_Ayme,Greg Mascherino,1,0.4613631195566689,0.4613631195566689,0.5107740585774059
BW_Litteraire_Marcel_Ayme,Christelle CHABASSE,1,0.4611570443810999,0.4611570443810999,0.5095188284518829
BW_Litteraire_Marcel_Ayme,Yianka,1,0.4610765905812937,0.4610765905812937,0.509205020920502
BW_Litteraire_Marcel_Ayme,lucag122,1,0.4609964313151915,0.4609964313151915,0.5082635983263598
BW_Litteraire_Marcel_Ayme,Laurence Bernadet,1,0.4609287882858966,0.4609287882858966,0.5076359832635983
BW_Litteraire_Marcel_Ayme,justine schutz,1,0.4604983874053424,0.4604983874053424,0.5060669456066945
BW_Litteraire_Marcel_Ayme,charles Frisetti,1,0.4604016952846569,0.4604016952846569,0.5054393305439331
BW_Litteraire_Marcel_Ayme,Pruvost Pierre-Yves,1,0.4603029908766706,0.4603029908766706,0.5048117154811715
BW_Litteraire_Marcel_Ayme,Jason Richardson,1,0.4602662231608543,0.4602662231608543,0.5041841004184101
BW_Litteraire_Marcel_Ayme,Ирина Мельчакова,1,0.4600992602148831,0.4600992602148831,0.5038702928870293
BW_Litteraire_Marcel_Ayme,Zulima Perez,1,0.4599607538813417,0.4599607538813417,0.5032426778242678
BW_Litteraire_Marcel_Ayme,Philippe GUERIN,1,0.4599094533071685,0.4599094533071685,0.502928870292887
BW_Litteraire_Marcel_Ayme,Lisbeth Mechele,1,0.4597287943858558,0.4597287943858558,0.5019874476987447
BW_Litteraire_Marcel_Ayme,Dominique Dhennin,1,0.4596067274800328,0.4596067274800328,0.501673640167364
BW_Litteraire_Marcel_Ayme,Pierre Gousse,1,0.4596016537536508,0.4596016537536508,0.5013598326359833
BW_Litteraire_Marcel_Ayme,festina f,1,0.4591615085113716,0.4591615085113716,0.5001046025104603
BW_Litteraire_Marcel_Ayme,Alecia Battle,1,0.4591142761797461,0.4591142761797461,0.4997907949790795
BW_Litteraire_Marcel_Ayme,Constance B.,1,0.4590288300108533,0.4590288300108533,0.49947698744769875
BW_Litteraire_Marcel_Ayme,Christelle Chabasse,1,0.4590030043730352,0.4590030043730352,0.499163179916318
BW_Litteraire_Marcel_Ayme,portron damien,1,0.4584817330684789,0.4584817330684789,0.49759414225941423
BW_Litteraire_Marcel_Ayme,RonV884,1,0.4584784332034132,0.4584784332034132,0.49728033472803346
BW_Litteraire_Marcel_Ayme,Asuncion Alvarez,1,0.4581120331963719,0.4581120331963719,0.4966527196652719
BW_Litteraire_Marcel_Ayme,Juliet Jules,1,0.4580334996322269,0.4580334996322269,0.49633891213389114
BW_Litteraire_Marcel_Ayme,Amaury Rossero,1,0.4577840618436682,0.4577840618436682,0.4957112970711297
BW_Litteraire_Marcel_Ayme,Cha Cha,1,0.4575142323461468,0.4575142323461468,0.4947698744769874
BW_Litteraire_Marcel_Ayme,Julie MASSON,1,0.4572872268220945,0.4572872268220945,0.4938284518828452
BW_Litteraire_Marcel_Ayme,Gautier Lat,1,0.4572309780361123,0.4572309780361123,0.4935146443514644
BW_Litteraire_Marcel_Ayme,EnricRibera,1,0.4570447730025228,0.4570447730025228,0.492887029288703
BW_Litteraire_Marcel_Ayme,Ava Francesca Rosati,1,0.4570020385391557,0.4570020385391557,0.4925732217573222
BW_Litteraire_Marcel_Ayme,Scott Lederer,1,0.4568378270672055,0.4568378270672055,0.49225941422594144
BW_Litteraire_Marcel_Ayme,Christian Vavaroutsos,1,0.4566747748511448,0.4566747748511448,0.49131799163179923
BW_Litteraire_Marcel_Ayme,Marco Casadei,1,0.4566064304803283,0.4566064304803283,0.49100418410041846
BW_Litteraire_Marcel_Ayme,Vero,1,0.4562309279889739,0.4562309279889739,0.48912133891213383
BW_Litteraire_Marcel_Ayme,Filip Verhaeghe,1,0.455990981097109,0.455990981097109,0.4875523012552301
BW_Litteraire_Marcel_Ayme,676veroniquem,1,0.4559484027934845,0.4559484027934845,0.4872384937238494
BW_Litteraire_Marcel_Ayme,Marianne Rousseau-Stern,1,0.455883938043237,0.455883938043237,0.48692468619246865
BW_Litteraire_Marcel_Ayme,cindy sauer,1,0.4557923987424078,0.4557923987424078,0.4862970711297071
BW_Litteraire_Marcel_Ayme,Marie Beneventi,1,0.4557754691445417,0.4557754691445417,0.48598326359832633
BW_Litteraire_Marcel_Ayme,pamela tosini,1,0.4556002514488283,0.4556002514488283,0.4850418410041841
BW_Litteraire_Marcel_Ayme,valentina,1,0.4554707042415839,0.4554707042415839,0.48472803347280335
BW_Litteraire_Marcel_Ayme,Kate Lewis,1,0.455126287600938,0.455126287600938,0.4844142259414226
BW_Litteraire_Marcel_Ayme,charles hervé,1,0.4549399459635851,0.4549399459635851,0.4841004184100418
BW_Litteraire_Marcel_Ayme,agnes FOURNIER,1,0.4542805094305509,0.4542805094305509,0.48284518828451883
BW_Litteraire_Marcel_Ayme,Jacqueline Cannon,1,0.45416481443879,0.45416481443879,0.48253138075313806
BW_Litteraire_Marcel_Ayme,Seetha D,1,0.4541174173233345,0.4541174173233345,0.4822175732217573
BW_Litteraire_Marcel_Ayme,Cristina Margarit,1,0.4538687975346622,0.4538687975346622,0.48158995815899586
BW_Litteraire_Marcel_Ayme,Alexandra Etienne,1,0.453038668858521,0.453038668858521,0.48064853556485354
BW_Litteraire_Marcel_Ayme,Magali Fourcoual,1,0.45300498691975,0.45300498691975,0.48033472803347277
BW_Litteraire_Marcel_Ayme,Alicia Gasparini,1,0.4519062705710367,0.4519062705710367,0.4781380753138076
BW_Litteraire_Marcel_Ayme,R D,1,0.451904731975056,0.451904731975056,0.4778242677824267
BW_Litteraire_Marcel_Ayme,Charles Monaghan,1,0.451707865833193,0.451707865833193,0.47719665271966527
BW_Litteraire_Marcel_Ayme,antonia thuin,1,0.4516084990259786,0.4516084990259786,0.4765690376569037
BW_Litteraire_Marcel_Ayme,Pas31,1,0.4513107105179053,0.4513107105179053,0.4759414225941423
BW_Litteraire_Marcel_Ayme,HalimetRanis,1,0.4510559926222843,0.4510559926222843,0.47531380753138075
BW_Litteraire_Marcel_Ayme,Lorenzo Pecorella,1,0.4506726660200297,0.4506726660200297,0.475
BW_Litteraire_Marcel_Ayme,Arnier Lee,1,0.4504277054431558,0.4504277054431558,0.4746861924686192
BW_Litteraire_Marcel_Ayme,Pat Benson,1,0.4501954038658314,0.4501954038658314,0.47437238493723854
BW_Litteraire_Marcel_Ayme,Margot Ki_,1,0.4499985151193832,0.4499985151193832,0.473744769874477
BW_Litteraire_Marcel_Ayme,julienfaillard,1,0.4499242428382848,0.4499242428382848,0.47311715481171546
BW_Litteraire_Marcel_Ayme,Larry Celestand,1,0.449735218373499,0.449735218373499,0.4728033472803348
BW_Litteraire_Marcel_Ayme,guy baillet,1,0.4494428895488592,0.4494428895488592,0.4718619246861925
BW_Litteraire_Marcel_Ayme,BH FLY,1,0.4493637480113864,0.4493637480113864,0.4715481171548117
BW_Litteraire_Marcel_Ayme,Joel Quaino,1,0.4490509729947555,0.4490509729947555,0.46997907949790796
BW_Litteraire_Marcel_Ayme,シン,1,0.448984949290755,0.448984949290755,0.4693514644351464
BW_Litteraire_Marcel_Ayme,Priya Patel,1,0.4485372340918296,0.4485372340918296,0.4684100418410042
BW_Litteraire_Marcel_Ayme,carine VIVARAT,1,0.447820887265271,0.447820887265271,0.46495815899581583
BW_Litteraire_Marcel_Ayme,Philipp Lo,1,0.4475684490976976,0.4475684490976976,0.4640167364016736
BW_Litteraire_Marcel_Ayme,MyBrindisi,1,0.4472212076565621,0.4472212076565621,0.4630753138075314
BW_Litteraire_Marcel_Ayme,Shiraz Afzal,1,0.4472148896296214,0.4472148896296214,0.46276150627615065
BW_Litteraire_Marcel_Ayme,pages simon,1,0.4471204559145088,0.4471204559145088,0.4621338912133891
BW_Litteraire_Marcel_Ayme,Amanda T Jaramillo,1,0.4469562165050776,0.4469562165050776,0.46182008368200833
BW_Litteraire_Marcel_Ayme,Guillaume Stern,1,0.446936083672399,0.446936083672399,0.4611924686192469
BW_Litteraire_Marcel_Ayme,MIREILLE B.,1,0.4459360902402448,0.4459360902402448,0.4589958158995816
BW_Litteraire_Marcel_Ayme,Celeste *,1,0.4457275489810788,0.4457275489810788,0.45868200836820083
BW_Litteraire_Marcel_Ayme,Sergio Oliveira,1,0.4457125037438477,0.4457125037438477,0.45836820083682006
BW_Litteraire_Marcel_Ayme,Jean-Marie Lopez,1,0.445673359246253,0.445673359246253,0.4580543933054393
BW_Litteraire_Marcel_Ayme,cecile chabot,1,0.4444213642172622,0.4444213642172622,0.45648535564853554
BW_Litteraire_Marcel_Ayme,flavien chartier,1,0.4442301616586742,0.4442301616586742,0.45554393305439334
BW_Litteraire_Marcel_Ayme,Tiarere Apuarii,1,0.4436325898362184,0.4436325898362184,0.45428870292887036
BW_Litteraire_Marcel_Ayme,dynamogers,1,0.4434231711795423,0.4434231711795423,0.4539748953974896
BW_Litteraire_Marcel_Ayme,Henri Moularet B.,1,0.4431182283699502,0.4431182283699502,0.4536610878661088
BW_Litteraire_Marcel_Ayme,Kristin Eggerling,1,0.4430308785050277,0.4430308785050277,0.45303347280334727
BW_Litteraire_Marcel_Ayme,William Hartgrove,1,0.44273099398648,0.44273099398648,0.4524058577405857
BW_Litteraire_Marcel_Ayme,Hans,1,0.4426850778886216,0.4426850778886216,0.45209205020920495
BW_Litteraire_Marcel_Ayme,Mohamed El khallaki,1,0.4425890248677708,0.4425890248677708,0.4517782426778243
BW_Litteraire_Marcel_Ayme,Olivier THIBAUD,1,0.4423252418543896,0.4423252418543896,0.45115062761506275
BW_Litteraire_Marcel_Ayme,MICHELE DELLAGUARDIA,1,0.4412602139604242,0.4412602139604242,0.45020920502092054
BW_Litteraire_Marcel_Ayme,Aurélien Lacheteau,1,0.4407792686076957,0.4407792686076957,0.449581589958159
BW_Litteraire_Marcel_Ayme,Josh Carter,1,0.4407519790946725,0.4407519790946725,0.44926778242677823
BW_Litteraire_Marcel_Ayme,Pablo Popall,1,0.4406812213325494,0.4406812213325494,0.44895397489539746
BW_Litteraire_Marcel_Ayme,Heather Smith,1,0.4405814055449749,0.4405814055449749,0.4486401673640168
BW_Litteraire_Marcel_Ayme,Marie Lonchambon,1,0.4401948852888789,0.4401948852888789,0.44707112970711305
BW_Litteraire_Marcel_Ayme,Muriel Benhamou,1,0.4398548890455001,0.4398548890455001,0.4464435146443514
BW_Litteraire_Marcel_Ayme,franckleroux169,1,0.439850757965699,0.439850757965699,0.44612970711297073
BW_Litteraire_Marcel_Ayme,Pascale GINOUX,1,0.4391991486064337,0.4391991486064337,0.44581589958158996
BW_Litteraire_Marcel_Ayme,Pina Rinaldi,1,0.4390262195472262,0.4390262195472262,0.4451882845188284
BW_Litteraire_Marcel_Ayme,Henrietta McMicking,1,0.4380964561994379,0.4380964561994379,0.44393305439330544
BW_Litteraire_Marcel_Ayme,Melissa Lecocq Limouza,1,0.4378873048732434,0.4378873048732434,0.44299163179916323
BW_Litteraire_Marcel_Ayme,MURIEL IMBERT,1,0.43738074867212,0.43738074867212,0.4414225941422595
BW_Litteraire_Marcel_Ayme,Mathieu Prevot,1,0.4371440258958362,0.4371440258958362,0.4411087866108787
BW_Litteraire_Marcel_Ayme,Frederique Burgaud,1,0.4365060018167361,0.4365060018167361,0.4398535564853556
BW_Litteraire_Marcel_Ayme,Vincent,1,0.436101931502507,0.436101931502507,0.43953974895397485
BW_Litteraire_Marcel_Ayme,marina rodrigues,1,0.4355503054659057,0.4355503054659057,0.4382845188284519
BW_Litteraire_Marcel_Ayme,Brooke B,1,0.4341328575669684,0.4341328575669684,0.43640167364016735
BW_Litteraire_Marcel_Ayme,Marc-Henri Courtade,1,0.4341052256379977,0.4341052256379977,0.4360878661087866
BW_Litteraire_Marcel_Ayme,Philippe Rewucki,1,0.4340421060244164,0.4340421060244164,0.4357740585774059
BW_Litteraire_Marcel_Ayme,Marie Jallat,1,0.4327676681868837,0.4327676681868837,0.43420502092050206
BW_Litteraire_Marcel_Ayme,Grigorii Strokov,1,0.4326492045729951,0.4326492045729951,0.4338912133891213
BW_Litteraire_Marcel_Ayme,Thérèse Ngoboh,1,0.4322526285872866,0.4322526285872866,0.43326359832635986
BW_Litteraire_Marcel_Ayme,Chilidoux,1,0.4317106500906026,0.4317106500906026,0.4326359832635983
BW_Litteraire_Marcel_Ayme,Cynthia Xenia Turi,1,0.4310958774510823,0.4310958774510823,0.4316945606694561
BW_Litteraire_Marcel_Ayme,pierre amrom,1,0.4305904779887972,0.4305904779887972,0.43106694560669456
BW_Litteraire_Marcel_Ayme,Olivier Lesaffre,1,0.4301722138207924,0.4301722138207924,0.4298117154811716
BW_Litteraire_Marcel_Ayme,Vira Melnychenko,1,0.4295091151332421,0.4295091151332421,0.4294979079497908
BW_Litteraire_Marcel_Ayme,pınar kurudal,1,0.4289877038607859,0.4289877038607859,0.42887029288702927
BW_Litteraire_Marcel_Ayme,Pascal Lemaire,1,0.4288300754182513,0.4288300754182513,0.42824267782426784
BW_Litteraire_Marcel_Ayme,celine schwab,1,0.4274653115658276,0.4274653115658276,0.4273012552301255
BW_Litteraire_Marcel_Ayme,Lisa,1,0.4242851701942734,0.4242851701942734,0.4235355648535565
BW_Litteraire_Marcel_Ayme,Jean-julien Pascalet,1,0.4210872522946008,0.4210872522946008,0.42165271966527196
BW_Litteraire_Marcel_Ayme,Velvet Frank,1,0.4210328731222498,0.4210328731222498,0.4213389121338912
BW_Litteraire_Marcel_Ayme,veronique schneider,1,0.4204171932222696,0.4204171932222696,0.42071129707112964
BW_Litteraire_Marcel_Ayme,P Fa,1,0.4202954472524017,0.4202954472524017,0.420397489539749
BW_Litteraire_Marcel_Ayme,Chris Martinez,1,0.4184500058425001,0.4184500058425001,0.4178870292887029
BW_Litteraire_Marcel_Ayme,Thierry Baeté,1,0.4176420389720695,0.4176420389720695,0.4172594142259415
BW_Litteraire_Marcel_Ayme,Alexis Galliot,1,0.4119584771803327,0.4119584771803327,0.4125523012552301
BW_Litteraire_Marcel_Ayme,Bella Ubonwan Harnrob,1,0.4111857693403693,0.4111857693403693,0.41223849372384935
BW_Litteraire_Marcel_Ayme,Esther Liesse,1,0.4072242202603137,0.4072242202603137,0.40910041841004186
BW_Litteraire_Marcel_Ayme,Eric B.,1,0.4039645559227542,0.4039645559227542,0.4065899581589958
BW_Litteraire_Marcel_Ayme,Josiane Mayer,1,0.4035338328746168,0.4035338328746168,0.40596234309623436
BW_Litteraire_Marcel_Ayme,Christina Sørensen,1,0.3445193126635312,0.3445193126635312,0.39874476987447705
BW_Litteraire_Marcel_Ayme,Alice Ko,1,0.3378591587931285,0.3378591587931285,0.3971757322175732
BW_Litteraire_Marcel_Ayme,davide amato,1,0.3250143680699221,0.3250143680699221,0.39246861924686194
BW_Litteraire_Marcel_Ayme,Anna Hutcheson,1,0.3217434206756545,0.3217434206756545,0.3915271966527196
BW_Litteraire_Marcel_Ayme,Keegan Rush,1,0.3207082702139814,0.3207082702139814,0.3899581589958159
BW_Litteraire_Marcel_Ayme,Adriana Gonzalez,1,0.3206900573165171,0.3206900573165171,0.3896443514644351
BW_Litteraire_Marcel_Ayme,Cleo Zancope,1,0.3179594979318673,0.3179594979318673,0.38713389121338915
BW_Litteraire_Marcel_Ayme,Octavio Torné,1,0.3168575851080968,0.3168575851080968,0.38619246861924683
BW_Litteraire_Marcel_Ayme,Jean Raynon,1,0.3168103231054927,0.3168103231054927,0.38587866108786606
BW_Litteraire_Marcel_Ayme,Karen Barker,1,0.3134344352188017,0.3134344352188017,0.3833682008368201
BW_Litteraire_Marcel_Ayme,Thomas,1,0.3131435166652386,0.3131435166652386,0.3824267782426778
BW_Litteraire_Marcel_Ayme,Sarah Mollers,1,0.3129134785200974,0.3129134785200974,0.3814853556485356
BW_Litteraire_Marcel_Ayme,Salma Moolla,1,0.3127552383478579,0.3127552383478579,0.3811715481171548
BW_Litteraire_Marcel_Ayme,jean-luc Schneider,1,0.3122999901270175,0.3122999901270175,0.3802301255230126
BW_Litteraire_Marcel_Ayme,richard bultitude,1,0.3119855167075647,0.3119855167075647,0.37991631799163184
BW_Litteraire_Marcel_Ayme,JP-MN GOURIOU,1,0.3117621670560309,0.3117621670560309,0.3792887029288703
BW_Litteraire_Marcel_Ayme,Isaac Esteban,1,0.3087098895537334,0.3087098895537334,0.377092050209205
BW_Litteraire_Marcel_Ayme,edsonlucianor,1,0.3084097749395989,0.3084097749395989,0.3767782426778242
BW_Litteraire_Marcel_Ayme,Cylja,1,0.3067600714461761,0.3067600714461761,0.37552301255230125
BW_Litteraire_Marcel_Ayme,J P,1,0.305249222730194,0.305249222730194,0.3739539748953975
BW_Litteraire_Marcel_Ayme,Guy Montague-Smith,1,0.3046614707908501,0.3046614707908501,0.37332635983263596
BW_Litteraire_Marcel_Ayme,Cyrille GUEZ,1,0.3022380821677765,0.3022380821677765,0.37081589958159
BW_Litteraire_Marcel_Ayme,rob & mickey veer van dalen,1,0.3017579996660851,0.3017579996660851,0.3695606694560669
BW_Litteraire_Marcel_Ayme,claude-alain haussener,1,0.3000583549405125,0.3000583549405125,0.3664225941422594
BW_Litteraire_Marcel_Ayme,Ron Vlasveld,1,0.2987862309389849,0.2987862309389849,0.36516736401673644
BW_Litteraire_Marcel_Ayme,Chopin 14000,1,0.2982871165933062,0.2982871165933062,0.3635983263598326
BW_Litteraire_Marcel_Ayme,Ron,1,0.2982676934888885,0.2982676934888885,0.3632845188284519
BW_Litteraire_Marcel_Ayme,annanA1987N,1,0.2978389073854175,0.2978389073854175,0.3623430962343096
BW_Litteraire_Marcel_Ayme,Pia Kramer,1,0.2974596718323758,0.2974596718323758,0.3614016736401674
BW_Litteraire_Marcel_Ayme,MichielG528,1,0.2969118818541717,0.2969118818541717,0.3595188284518829
BW_Litteraire_Marcel_Ayme,Thomas Römer,1,0.2960932660721688,0.2960932660721688,0.3582635983263598
BW_Litteraire_Marcel_Ayme,daniel torrejon,1,0.2941643668596165,0.2941643668596165,0.3551255230125523
BW_Litteraire_Marcel_Ayme,Jo Seph,1,0.2933011629455638,0.2933011629455638,0.352928870292887
BW_Litteraire_Marcel_Ayme,Par Khehra,1,0.2926884972955315,0.2926884972955315,0.3510460251046025
BW_Litteraire_Marcel_Ayme,C4pul1ne,1,0.2924174803877107,0.2924174803877107,0.35010460251046027
BW_Litteraire_Marcel_Ayme,Tanja Zaremba,1,0.29211112452911,0.29211112452911,0.34947698744769873
BW_Litteraire_Marcel_Ayme,Marie Dasque,1,0.2918606731828881,0.2918606731828881,0.34884937238493724
BW_Litteraire_Marcel_Ayme,Murielle Schmitz,1,0.2914760019347123,0.2914760019347123,0.3485355648535565
BW_Litteraire_Marcel_Ayme,Harald Heitmann,1,0.2914166339537316,0.2914166339537316,0.347907949790795
BW_Litteraire_Marcel_Ayme,Mireille COSTE RANDRETSA,1,0.2909188677994311,0.2909188677994311,0.34633891213389123
BW_Litteraire_Marcel_Ayme,David Manneh,1,0.2906597604017354,0.2906597604017354,0.3447698744769874
BW_Litteraire_Marcel_Ayme,Francesco R,1,0.2898284506224792,0.2898284506224792,0.34194560669456064
BW_Litteraire_Marcel_Ayme,Shelly Ross,1,0.2898194637585418,0.2898194637585418,0.3416317991631799
BW_Litteraire_Marcel_Ayme,Yann Causse,1,0.2895444940612313,0.2895444940612313,0.34100418410041844
BW_Litteraire_Marcel_Ayme,Uli P.,1,0.2888350195596638,0.2888350195596638,0.3403765690376569
BW_Litteraire_Marcel_Ayme,LinneaH73,1,0.2887366483591808,0.2887366483591808,0.3397489539748954
BW_Litteraire_Marcel_Ayme,Navigator45860120426,1,0.2884132336382585,0.2884132336382585,0.33880753138075315
BW_Litteraire_Marcel_Ayme,didier chevalier,1,0.2882913322709677,0.2882913322709677,0.3381799163179916
BW_Litteraire_Marcel_Ayme,Davide Foschi (Argaar TantaRes),1,0.2881372382358833,0.2881372382358833,0.3375523012552301
BW_Litteraire_Marcel_Ayme,Natalia Demina,1,0.2879449146713623,0.2879449146713623,0.3362970711297071
BW_Litteraire_Marcel_Ayme,Damian Vergani,1,0.2876393599777473,0.2876393599777473,0.3353556485355649
BW_Litteraire_Marcel_Ayme,Michel Blanchin,1,0.2869670288655676,0.2869670288655676,0.33253138075313804
BW_Litteraire_Marcel_Ayme,Emma Walker,1,0.286396233727834,0.286396233727834,0.33127615062761506
BW_Litteraire_Marcel_Ayme,Nigel Eastham,1,0.2856842835219177,0.2856842835219177,0.3303347280334728
BW_Litteraire_Marcel_Ayme,Colin Snook,1,0.2851357417557747,0.2851357417557747,0.3284518828451883
BW_Litteraire_Marcel_Ayme,Jacek Łysek,1,0.2848947531269405,0.2848947531269405,0.327510460251046
BW_Litteraire_Marcel_Ayme,Franck M.,1,0.2845171840082392,0.2845171840082392,0.3265690376569038
BW_Litteraire_Marcel_Ayme,Karel P.,1,0.2841509111277481,0.2841509111277481,0.3253138075313807
BW_Litteraire_Marcel_Ayme,Thomas Bongiorno,1,0.2840615887126513,0.2840615887126513,0.32499999999999996
BW_Litteraire_Marcel_Ayme,Lee Choo,1,0.2834768168214771,0.2834768168214771,0.3234309623430962
BW_Litteraire_Marcel_Ayme,Andreaepao,1,0.2834543608995103,0.2834543608995103,0.3228033472803347
BW_Litteraire_Marcel_Ayme,Art et Porcelaine,1,0.2821944735015466,0.2821944735015466,0.32092050209205025
BW_Litteraire_Marcel_Ayme,Giuseppe Riezzo,1,0.2814694847139998,0.2814694847139998,0.3190376569037657
BW_Litteraire_Marcel_Ayme,Alicia Morgan,1,0.2808474368530065,0.2808474368530065,0.3162133891213389
BW_Litteraire_Marcel_Ayme,Maria Teresa Atzei,1,0.2807652339799345,0.2807652339799345,0.3158995815899581
BW_Litteraire_Marcel_Ayme,Sylvianne Gobet,1,0.2802555446928622,0.2802555446928622,0.31464435146443515
BW_Litteraire_Marcel_Ayme,petervanslagmolen,1,0.2802542668832538,0.2802542668832538,0.3143305439330544
BW_Litteraire_Marcel_Ayme,Fiori,1,0.2800580411212268,0.2800580411212268,0.3137029288702929
BW_Litteraire_Marcel_Ayme,Jakob Andersen,1,0.2800166757984811,0.2800166757984811,0.3133891213389121
BW_Litteraire_Marcel_Ayme,Eva,1,0.2797832587873733,0.2797832587873733,0.31213389121338914
BW_Litteraire_Marcel_Ayme,W2327ZOrogerp,1,0.2797108861475657,0.2797108861475657,0.31150627615062765
BW_Litteraire_Marcel_Ayme,Tanju Gundogdu,1,0.2796883820393817,0.2796883820393817,0.3108786610878661
BW_Litteraire_Marcel_Ayme,Roberto Ciacci,1,0.2795729918622323,0.2795729918622323,0.30993723849372384
BW_Litteraire_Marcel_Ayme,Victor Morales Robert,1,0.279354446731855,0.279354446731855,0.3083682008368201
BW_Litteraire_Marcel_Ayme,Chris Singleton,1,0.2790698936413365,0.2790698936413365,0.30742677824267783
BW_Litteraire_Marcel_Ayme,Ludovic Reiss,1,0.2789508192490503,0.2789508192490503,0.30711297071129706
BW_Litteraire_Marcel_Ayme,M. Touburg,1,0.2789415871847714,0.2789415871847714,0.3067991631799163
BW_Litteraire_Marcel_Ayme,Dimitri Mikoff,1,0.2785541613683672,0.2785541613683672,0.3055439330543933
BW_Litteraire_Marcel_Ayme,Tomas Žagūnis,1,0.278245643427098,0.278245643427098,0.3049163179916318
BW_Litteraire_Marcel_Ayme,kc1969166,1,0.2781849172687851,0.2781849172687851,0.304602510460251
BW_Litteraire_Marcel_Ayme,Barbara Collier,1,0.2781031930150415,0.2781031930150415,0.303347280334728
BW_Litteraire_Marcel_Ayme,Petra Boeckx,1,0.2781015870569853,0.2781015870569853,0.30303347280334725
BW_Litteraire_Marcel_Ayme,alicia vandeville,1,0.2776758264882147,0.2776758264882147,0.3014644351464435
BW_Litteraire_Marcel_Ayme,Ilse Fenicx,1,0.277596312443056,0.277596312443056,0.3002092050209205
BW_Litteraire_Marcel_Ayme,Els De schryver,1,0.2760443644976113,0.2760443644976113,0.2942468619246862
BW_Litteraire_Marcel_Ayme,Jens Brose,1,0.2758386082574303,0.2758386082574303,0.2936192468619247
BW_Litteraire_Marcel_Ayme,Olivier Costes,1,0.2753424211408065,0.2753424211408065,0.2920502092050209
BW_Litteraire_Marcel_Ayme,Delphine Lefebvre,1,0.2751818031553809,0.2751818031553809,0.2917364016736401
BW_Litteraire_Marcel_Ayme,Moni Preisig,1,0.2750459502548895,0.2750459502548895,0.2914225941422594
BW_Litteraire_Marcel_Ayme,Philippe A,1,0.2736734986991566,0.2736734986991566,0.28765690376569036
BW_Litteraire_Marcel_Ayme,Thierry Rault,1,0.2734465556142263,0.2734465556142263,0.2864016736401674
BW_Litteraire_Marcel_Ayme,G5801XJalessandral,1,0.273129227667223,0.273129227667223,0.28577405857740584
BW_Litteraire_Marcel_Ayme,sophiedD4291ZJ,1,0.2727585602465771,0.2727585602465771,0.28514644351464435
BW_Litteraire_Marcel_Ayme,Andrea Maccagni,1,0.2726354235084116,0.2726354235084116,0.2845188284518828
BW_Litteraire_Marcel_Ayme,Marie Jacques,1,0.2724724458592367,0.2724724458592367,0.2826359832635983
BW_Litteraire_Marcel_Ayme,Alex Metzler,1,0.2722351661389778,0.2722351661389778,0.2813807531380753
BW_Litteraire_Marcel_Ayme,Hollebek,1,0.2715680754296495,0.2715680754296495,0.27887029288702925
BW_Litteraire_Marcel_Ayme,Andrew Watson,1,0.2704200157714613,0.2704200157714613,0.27635983263598324
BW_Litteraire_Marcel_Ayme,thomas31582,1,0.2700508040058555,0.2700508040058555,0.2744769874476988
BW_Litteraire_Marcel_Ayme,Sébastien COURTIN,1,0.2698720951541007,0.2698720951541007,0.274163179916318
BW_Litteraire_Marcel_Ayme,imatus726473,1,0.2698448062801243,0.2698448062801243,0.27384937238493723
BW_Litteraire_Marcel_Ayme,martinezrocamora,1,0.2696003021231076,0.2696003021231076,0.27290794979079497
BW_Litteraire_Marcel_Ayme,Alban G,1,0.2695324520413475,0.2695324520413475,0.27259414225941425
BW_Litteraire_Marcel_Ayme,Rares Teodor Bucur,1,0.2694929690920759,0.2694929690920759,0.2722803347280335
BW_Litteraire_Marcel_Ayme,Diego Montoya,1,0.2693051496005065,0.2693051496005065,0.2710251046025105
BW_Litteraire_Marcel_Ayme,Raphaël Lederer,1,0.2688057756583706,0.2688057756583706,0.2697698744769874
BW_Litteraire_Marcel_Ayme,Kristel Beelen,1,0.2681054132200685,0.2681054132200685,0.2691422594142259
BW_Litteraire_Marcel_Ayme,Verónica Pérez Lima,1,0.2674948597749177,0.2674948597749177,0.2666317991631799
BW_Litteraire_Marcel_Ayme,Anita Stadt,1,0.2670999340881799,0.2670999340881799,0.2660041841004184
BW_Litteraire_Marcel_Ayme,Marcel R,1,0.2668093878992782,0.2668093878992782,0.26506276150627617
BW_Litteraire_Marcel_Ayme,Nikki Robson,1,0.2667299087790788,0.2667299087790788,0.2647489539748954
BW_Litteraire_Marcel_Ayme,Richard Kranendonk,1,0.2657844523322995,0.2657844523322995,0.2622384937238494
BW_Litteraire_Marcel_Ayme,lotte rasmussen,1,0.265762510310136,0.265762510310136,0.2619246861924686
BW_Litteraire_Marcel_Ayme,Kevin Benoit,1,0.2655302720469199,0.2655302720469199,0.26098326359832635
BW_Litteraire_Marcel_Ayme,Zaneta Hlinkova,1,0.2652716353107329,0.2652716353107329,0.2597280334728034
BW_Litteraire_Marcel_Ayme,Ankit Batra,1,0.2648868409976681,0.2648868409976681,0.25690376569037654
BW_Litteraire_Marcel_Ayme,Jonathon Marks,1,0.2648846314475162,0.2648846314475162,0.2565899581589958
BW_Litteraire_Marcel_Ayme,Adriana Marques,1,0.2648802868773167,0.2648802868773167,0.25627615062761505
BW_Litteraire_Marcel_Ayme,fred fred,1,0.2647436060511775,0.2647436060511775,0.25564853556485356
BW_Litteraire_Marcel_Ayme,L S,1,0.2647139988065844,0.2647139988065844,0.2553347280334728
BW_Litteraire_Marcel_Ayme,Lovisa Sandberg,1,0.2643709279498696,0.2643709279498696,0.2540794979079498
BW_Litteraire_Marcel_Ayme,5Raph5,1,0.2640355098210012,0.2640355098210012,0.2521966527196653
BW_Litteraire_Marcel_Ayme,Andreas Wahlen,1,0.2633367277212433,0.2633367277212433,0.25
BW_Litteraire_Marcel_Ayme,Françoise Ziegler,1,0.2628084651316998,0.2628084651316998,0.24748953974895396
BW_Litteraire_Marcel_Ayme,Nikolas Varga,1,0.2624894300129203,0.2624894300129203,0.24717573221757322
BW_Litteraire_Marcel_Ayme,Alizen,1,0.2620170904091704,0.2620170904091704,0.24497907949790795
BW_Litteraire_Marcel_Ayme,Ju Ju,1,0.2614901090685403,0.2614901090685403,0.24341004184100418
BW_Litteraire_Marcel_Ayme,Jean-Michel SERRA,1,0.2604129093204945,0.2604129093204945,0.24246861924686192
BW_Litteraire_Marcel_Ayme,Thomas V,1,0.2597017325438769,0.2597017325438769,0.24089958158995817
BW_Litteraire_Marcel_Ayme,Ilda Coutinho,1,0.2595216543309533,0.2595216543309533,0.2405857740585774
BW_Litteraire_Marcel_Ayme,Giacomo Mascia,1,0.2589669351530945,0.2589669351530945,0.2377615062761506
BW_Litteraire_Marcel_Ayme,Lucien Bissoudre,1,0.2588857350916709,0.2588857350916709,0.23744769874476987
BW_Litteraire_Marcel_Ayme,KSBEDE,1,0.2579141016299235,0.2579141016299235,0.2346234309623431
BW_Litteraire_Marcel_Ayme,Cloud Winter,1,0.2572952978415118,0.2572952978415118,0.23368200836820086
BW_Litteraire_Marcel_Ayme,Birgit K.,1,0.2572350666757665,0.2572350666757665,0.23336820083682008
BW_Litteraire_Marcel_Ayme,Antonio Lois Pèrez,1,0.2563045769484631,0.2563045769484631,0.23085774058577407
BW_Litteraire_Marcel_Ayme,anais peignon,1,0.25555568950407,0.25555568950407,0.22960251046025104
BW_Litteraire_Marcel_Ayme,Ahmed Bani Saad,1,0.255293601718033,0.255293601718033,0.2292887029288703
BW_Litteraire_Marcel_Ayme,Sonia Reymond,1,0.2543173817394292,0.2543173817394292,0.2280334728033473
BW_Litteraire_Marcel_Ayme,Alice Timken,1,0.25267959574219,0.25267959574219,0.22489539748953974
BW_Litteraire_Marcel_Ayme,Caterina Sani,1,0.2524897026957339,0.2524897026957339,0.22395397489539748
BW_Litteraire_Marcel_Ayme,Roland Gilgen,1,0.2521903126680879,0.2521903126680879,0.223326359832636
BW_Litteraire_Marcel_Ayme,Jtro Blanc,1,0.2497777236192188,0.2497777236192188,0.21830543933054394
BW_Litteraire_Marcel_Ayme,Galina,1,0.2493766583468256,0.2493766583468256,0.21705020920502094
BW_Litteraire_Marcel_Ayme,Franck D,1,0.2493016304061533,0.2493016304061533,0.21642259414225942
BW_Litteraire_Marcel_Ayme,Patrice Vialar,1,0.2490887217897281,0.2490887217897281,0.21548117154811716
BW_Litteraire_Marcel_Ayme,David B (“LegitAce”),1,0.2478227984004324,0.2478227984004324,0.21359832635983264
BW_Litteraire_Marcel_Ayme,Simona P.,1,0.2472000566617714,0.2472000566617714,0.21234309623430964
BW_Litteraire_Marcel_Ayme,Christophe Buton,1,0.2470495300929479,0.2470495300929479,0.21202928870292886
BW_Litteraire_Marcel_Ayme,Pascaline Iwa,1,0.2465911490622578,0.2465911490622578,0.2110878661087866
BW_Litteraire_Marcel_Ayme,francesco di bari,1,0.2451320103091467,0.2451320103091467,0.20826359832635982
BW_Litteraire_Marcel_Ayme,luigi la gatta,1,0.2443630875649482,0.2443630875649482,0.2063807531380753
BW_Litteraire_Marcel_Ayme,Dmitry Larionov,1,0.2420447091177807,0.2420447091177807,0.20355648535564852
BW_Litteraire_Marcel_Ayme,Laureline Blg,1,0.2385707297483031,0.2385707297483031,0.20041841004184102
BW_Litteraire_Marcel_Ayme,Salem Laasmi,1,0.2375179800090497,0.2375179800090497,0.19947698744769876
BW_Litteraire_Marcel_Ayme,NICOLAS VAULLERIN,1,0.2360732249936979,0.2360732249936979,0.19790794979079498
BW_Litteraire_Marcel_Ayme,Andy Ward,1,0.2358636996444607,0.2358636996444607,0.19728033472803347
BW_Litteraire_Marcel_Ayme,Niall B,1,0.2355692203871744,0.2355692203871744,0.19665271966527198
BW_Litteraire_Marcel_Ayme,Mashhour Alqahtani,1,0.2285232768680715,0.2285232768680715,0.1932008368200837
BW_Litteraire_Marcel_Ayme,Franck Fauquenoy,1,0.223130274489824,0.223130274489824,0.19006276150627616
BW_Litteraire_Marcel_Ayme,Kim Meisner,1,0.2222406263080338,0.2222406263080338,0.18943514644351464
BW_Litteraire_Marcel_Ayme,jacky michel,1,0.2189449660399789,0.2189449660399789,0.1884937238493724
BW_Litteraire_Marcel_Ayme,Eduardo Santos,1,0.2187109879604481,0.2187109879604481,0.18817991631799164
BW_Litteraire_Marcel_Ayme,Michael Klose,1,0.2179107526468688,0.2179107526468688,0.18723849372384938
BW_Litteraire_Marcel_Ayme,Thibaud H.,1,0.207030854659211,0.207030854659211,0.1837866108786611
BW_Litteraire_Marcel_Ayme,Youssef lakrouf,1,0.1199457981835299,0.1199457981835299,0.17374476987447698
BW_Litteraire_Marcel_Ayme,lorke,1,0.1194586380410258,0.1194586380410258,0.17343096234309624
BW_Litteraire_Marcel_Ayme,Lena Sundermann,1,0.105866438420839,0.105866438420839,0.1696652719665272
BW_Litteraire_Marcel_Ayme,M.Antonieta Gil López,1,0.10551414361805,0.10551414361805,0.16935146443514645
BW_Litteraire_Marcel_Ayme,Marton Novak,1,0.1052569128163484,0.1052569128163484,0.1690376569037657
BW_Litteraire_Marcel_Ayme,642mirkot,1,0.1043311926895634,0.1043311926895634,0.16809623430962345
BW_Litteraire_Marcel_Ayme,Lionel Gefflot,1,0.1000731122220468,0.1000731122220468,0.1655857740585774
BW_Litteraire_Marcel_Ayme,Meander54450298097,1,0.0996994837776568,0.0996994837776568,0.1649581589958159
BW_Litteraire_Marcel_Ayme,Denis Valenti,1,0.0956545379297522,0.0956545379297522,0.1624476987447699
BW_Litteraire_Marcel_Ayme,Marc Fouquet,1,0.0907314095332922,0.0907314095332922,0.15836820083682007
BW_Litteraire_Marcel_Ayme,youssef ferdaouss,1,0.0887141304428641,0.0887141304428641,0.15711297071129707
BW_Litteraire_Marcel_Ayme,Feliseti Von No,1,0.0866503014165795,0.0866503014165795,0.15460251046025106
BW_Litteraire_Marcel_Ayme,RAFAT BISMARK AHMED,1,0.0843783969844913,0.0843783969844913,0.1524058577405858
BW_Litteraire_Marcel_Ayme,Paula Ostrowska,1,0.0839590703336547,0.0839590703336547,0.15209205020920502
BW_Litteraire_Marcel_Ayme,Gianna Zurlo,1,0.0839409353348531,0.0839409353348531,0.15177824267782428
BW_Litteraire_Marcel_Ayme,jason lawrence,1,0.0828209063578728,0.0828209063578728,0.15083682008368202
BW_Litteraire_Marcel_Ayme,Annesofie S,1,0.0826575284992324,0.0826575284992324,0.1502092050209205
BW_Litteraire_Marcel_Ayme,Alexandre Cote,1,0.0799394658314953,0.0799394658314953,0.1461297071129707
BW_Litteraire_Marcel_Ayme,amir gerami,1,0.077309396452154,0.077309396452154,0.1429916317991632
BW_Litteraire_Marcel_Ayme,ChristineSimone152,1,0.0762275346559881,0.0762275346559881,0.14205020920502093
BW_Litteraire_Marcel_Ayme,victoriatschan1,1,0.0743283692625363,0.0743283692625363,0.14048117154811715
BW_Litteraire_Marcel_Ayme,Diane Rostoucher,1,0.0718020444725539,0.0718020444725539,0.13702928870292888
BW_Litteraire_Marcel_Ayme,Charles Buechele,1,0.0707669832836733,0.0707669832836733,0.13608786610878662
BW_Litteraire_Marcel_Ayme,labo cop,1,0.0707014203892984,0.0707014203892984,0.13577405857740588
BW_Litteraire_Marcel_Ayme,Isabelle Gallioz,1,0.0706077402366976,0.0706077402366976,0.1354602510460251
BW_Litteraire_Marcel_Ayme,Jose Fco Romero,1,0.0705326773142151,0.0705326773142151,0.13514644351464436
BW_Litteraire_Marcel_Ayme,Assel Galiyeva,1,0.0703748513042761,0.0703748513042761,0.13483263598326362
BW_Litteraire_Marcel_Ayme,Ryen1989,1,0.0701064219403462,0.0701064219403462,0.13451882845188284
BW_Litteraire_Marcel_Ayme,Kotoffey,1,0.0692916275517776,0.0692916275517776,0.13357740585774058
BW_Litteraire_Marcel_Ayme,Nicola Melicchio,1,0.068516223638917,0.068516223638917,0.1329497907949791
BW_Litteraire_Marcel_Ayme,joan careta cano,1,0.0679183027753908,0.0679183027753908,0.13106694560669457
BW_Litteraire_Marcel_Ayme,Maria Khachaturyan,1,0.0669780293568819,0.0669780293568819,0.1294979079497908
BW_Litteraire_Marcel_Ayme,Jakob F.,1,0.0647321361914594,0.0647321361914594,0.12698744769874476
BW_Litteraire_Marcel_Ayme,Trip.com Member,1,0.0572090444053478,0.0572090444053478,0.12133891213389122
BW_Litteraire_Marcel_Ayme,Sascha Thi,1,0.0486765971799026,0.0486765971799026,0.11725941422594142
BW_Litteraire_Marcel_Ayme,Carle Paul,1,0.0486423506922144,0.0486423506922144,0.11694560669456067
BW_Litteraire_Marcel_Ayme,Markus,1,0.0439039719232123,0.0439039719232123,0.1153765690376569
BW_Litteraire_Marcel_Ayme,Stephen Kemp,1,0.0426905856663571,0.0426905856663571,0.11380753138075314
BW_Litteraire_Marcel_Ayme,Stef Glaisse,1,0.0374107921631899,0.0374107921631899,0.1100418410041841
BW_Litteraire_Marcel_Ayme,Anthony de Volder,1,0.0373325576401351,0.0373325576401351,0.1094142259414226
BW_Litteraire_Marcel_Ayme,Goca Cuturic,1,0.0364446778965815,0.0364446778965815,0.10784518828451883
BW_Litteraire_Marcel_Ayme,Hélio Gabale,1,0.022593988330374,0.022593988330374,0.10470711297071131
BW_Litteraire_Marcel_Ayme,thierry hauet,1,0.0213208632563039,0.0213208632563039,0.10439330543933055
BW_Litteraire_Marcel_Ayme,Maristélio da Cruz Costa,1,0.0121215545431381,0.0121215545431381,0.10188284518828453
BW_Litteraire_Marcel_Ayme,Tara Biasin,1,0.0108877030827488,0.0108877030827488,0.10125523012552302
BW_Ronceray_Opera,Kevin R,1,0.7486811596779617,0.7486811596779617,0.7
BW_Ronceray_Opera,Lucas Guilherme Gouveia,1,0.7250702205405829,0.7250702205405829,0.6996861924686192
BW_Ronceray_Opera,ΘΑΝΑΣΗΣ ΜΙΣΧΟΣ,1,0.6753779759143882,0.6753779759143882,0.6993723849372384
BW_Ronceray_Opera,Amadeo Romaguera,1,0.6452051311993799,0.6452051311993799,0.6990585774058578
BW_Ronceray_Opera,Marie MILJKOVIC,1,0.6390473853640737,0.6390473853640737,0.698744769874477
BW_Ronceray_Opera,Angela Miller,1,0.6381706808292216,0.6381706808292216,0.6984309623430962
BW_Ronceray_Opera,Frans Tijssen,1,0.6228164380785783,0.6228164380785783,0.6981171548117154
BW_Ronceray_Opera,Emma Lester,1,0.6210914676424903,0.6210914676424903,0.6978033472803347
BW_Ronceray_Opera,Osvaldo Biondi,1,0.6096776385721859,0.6096776385721859,0.697489539748954
BW_Ronceray_Opera,안예원,1,0.6087630788673358,0.6087630788673358,0.6971757322175732
BW_Ronceray_Opera,Petra's Coaching,1,0.6049091766231779,0.6049091766231779,0.6968619246861923
BW_Ronceray_Opera,Luis Carlos Lozano,1,0.6048899755501222,0.6048899755501222,0.6965481171548117
BW_Ronceray_Opera,Росица Чапърова,1,0.5938197750321504,0.5938197750321504,0.6962343096234309
BW_Ronceray_Opera,Lê,1,0.5933300871206644,0.5933300871206644,0.6959205020920501
BW_Ronceray_Opera,Tomáš Kočař,1,0.5887580458026161,0.5887580458026161,0.6956066945606694
BW_Ronceray_Opera,ROCIO LEON AVALO,1,0.5859746217876312,0.5859746217876312,0.6952928870292886
BW_Ronceray_Opera,Purificación Sillero,1,0.5719337539116869,0.5719337539116869,0.6949790794979079
BW_Ronceray_Opera,Fabrizio Patacchiola,1,0.5683520105212521,0.5683520105212521,0.6946652719665272
BW_Ronceray_Opera,Alexandros Nt,1,0.5676109715465105,0.5676109715465105,0.6943514644351464
BW_Ronceray_Opera,Lennart Aspenryd,1,0.5676109715465105,0.5676109715465105,0.6943514644351464
BW_Ronceray_Opera,Nawel Siad,1,0.563353571464293,0.563353571464293,0.6940376569037656
BW_Ronceray_Opera,sylvie mN,1,0.5548635736833807,0.5548635736833807,0.6934100418410042
BW_Ronceray_Opera,Deyan Malinov,1,0.5538077631097877,0.5538077631097877,0.6930962343096234
BW_Ronceray_Opera,Mariana Cruz Barreto,1,0.5510032811105002,0.5510032811105002,0.6927824267782426
BW_Ronceray_Opera,Craig B,1,0.5506996371230568,0.5506996371230568,0.6921548117154811
BW_Ronceray_Opera,H Schütte,1,0.5487127088863756,0.5487127088863756,0.6915271966527197
BW_Ronceray_Opera,Svitlana Borysiuk,1,0.5418458634666781,0.5418458634666781,0.6908995815899581
BW_Ronceray_Opera,Anne Owens,1,0.5383415392173142,0.5383415392173142,0.6893305439330544
BW_Ronceray_Opera,Fatima Zohra ElF,1,0.5383415392173142,0.5383415392173142,0.6893305439330544
BW_Ronceray_Opera,XD L,1,0.5376496432804195,0.5376496432804195,0.6890167364016736
BW_Ronceray_Opera,Gadi Katz,1,0.5361898426466176,0.5361898426466176,0.6887029288702928
BW_Ronceray_Opera,Yentl Maes,1,0.5361422106836979,0.5361422106836979,0.6883891213389121
BW_Ronceray_Opera,Aline Beloto,1,0.5348101784959759,0.5348101784959759,0.6877615062761506
BW_Ronceray_Opera,Hassina AOUDIA,1,0.5318256802817287,0.5318256802817287,0.6874476987447699
BW_Ronceray_Opera,Michael Blumenthal,1,0.5258372398735836,0.5258372398735836,0.6868200836820083
BW_Ronceray_Opera,A D,1,0.5257392978814042,0.5257392978814042,0.6865062761506275
BW_Ronceray_Opera,Owen A,1,0.5253974566284227,0.5253974566284227,0.6861924686192469
BW_Ronceray_Opera,Mahasia Angel (“Mahasia”),1,0.5237447124158893,0.5237447124158893,0.6852510460251046
BW_Ronceray_Opera,Antonio Basso,1,0.5213095296842052,0.5213095296842052,0.6843096234309622
BW_Ronceray_Opera,Ilias Vlachos,1,0.521061013269934,0.521061013269934,0.6839958158995815
BW_Ronceray_Opera,Владислав Килимник,1,0.5199155327228595,0.5199155327228595,0.6836820083682008
BW_Ronceray_Opera,Benoit STOCK,1,0.5195848734257127,0.5195848734257127,0.6830543933054393
BW_Ronceray_Opera,Amal Zohair,1,0.5184412845645934,0.5184412845645934,0.6827405857740585
BW_Ronceray_Opera,SheilaL1430,1,0.5151553032917021,0.5151553032917021,0.6817991631799163
BW_Ronceray_Opera,Phi H,1,0.5142910657813398,0.5142910657813398,0.680857740585774
BW_Ronceray_Opera,Klaus W.,1,0.5136410586677753,0.5136410586677753,0.6802301255230125
BW_Ronceray_Opera,Steve Lamarche,1,0.51329684472227,0.51329684472227,0.679602510460251
BW_Ronceray_Opera,Swastik Rath,1,0.513041774876716,0.513041774876716,0.6789748953974896
BW_Ronceray_Opera,stefania masters,1,0.5125122875401388,0.5125122875401388,0.678347280334728
BW_Ronceray_Opera,KAKOURI RAGGOUSI,1,0.5117243038579671,0.5117243038579671,0.6780334728033472
BW_Ronceray_Opera,Christian N,1,0.5100971475879202,0.5100971475879202,0.6774058577405857
BW_Ronceray_Opera,황보연,1,0.5100459462633883,0.5100459462633883,0.6770920502092049
BW_Ronceray_Opera,Eric B,1,0.5091951798278644,0.5091951798278644,0.6767782426778242
BW_Ronceray_Opera,Laura Tresoro Vegro,1,0.5068571696259528,0.5068571696259528,0.6748953974895398
BW_Ronceray_Opera,Pablo Rodriguez Diaz,1,0.5057305923270217,0.5057305923270217,0.673326359832636
BW_Ronceray_Opera,REZÉ Olivier,1,0.5048585521417672,0.5048585521417672,0.6720711297071129
BW_Ronceray_Opera,573anatoliyg,1,0.5048103621610718,0.5048103621610718,0.6717573221757321
BW_Ronceray_Opera,26 María Mendoza,1,0.5046645605115881,0.5046645605115881,0.6711297071129706
BW_Ronceray_Opera,manolisorfanos,1,0.504083674928945,0.504083674928945,0.6705020920502092
BW_Ronceray_Opera,Angela Fdez,1,0.5037286698329405,0.5037286698329405,0.6698744769874476
BW_Ronceray_Opera,Laia Yuste,1,0.5033941764559609,0.5033941764559609,0.6695606694560668
BW_Ronceray_Opera,Dimitri Zácari,1,0.5017592326648919,0.5017592326648919,0.6676778242677824
BW_Ronceray_Opera,Mauro Daglia,1,0.5016972821394302,0.5016972821394302,0.6673640167364017
BW_Ronceray_Opera,Milan Salek,1,0.5016512167673665,0.5016512167673665,0.6670502092050209
BW_Ronceray_Opera,Monica Raugei,1,0.5015372791114246,0.5015372791114246,0.6664225941422594
BW_Ronceray_Opera,Nicola Avantaggiati,1,0.501101272910048,0.501101272910048,0.665481171548117
BW_Ronceray_Opera,Roseline Abram,1,0.5010632409885555,0.5010632409885555,0.6651673640167364
BW_Ronceray_Opera,Andrew Tynan,1,0.5002656183311773,0.5002656183311773,0.6639121338912133
BW_Ronceray_Opera,Jacek Sielatycki,1,0.4998049773762518,0.4998049773762518,0.6635983263598326
BW_Ronceray_Opera,Dmitriy K,1,0.4997231151635795,0.4997231151635795,0.6632845188284519
BW_Ronceray_Opera,roanm700,1,0.4990055390014168,0.4990055390014168,0.6620292887029289
BW_Ronceray_Opera,Rafaela Verdan,1,0.4989966245094899,0.4989966245094899,0.6617154811715481
BW_Ronceray_Opera,Kelly Mina,1,0.4988384571907467,0.4988384571907467,0.6614016736401673
BW_Ronceray_Opera,Χριστινα Παπαδοπουλου,1,0.4987983154837576,0.4987983154837576,0.6610878661087866
BW_Ronceray_Opera,Andrea Kovacs,1,0.497803396173511,0.497803396173511,0.6601464435146444
BW_Ronceray_Opera,JuliaTouristin,1,0.4970757016276744,0.4970757016276744,0.659205020920502
BW_Ronceray_Opera,G3711FM_,1,0.4965709678648978,0.4965709678648978,0.6582635983263597
BW_Ronceray_Opera,EmmayFran,1,0.4951506279352164,0.4951506279352164,0.6551255230125522
BW_Ronceray_Opera,황인혁,1,0.4945955993521412,0.4945955993521412,0.65418410041841
BW_Ronceray_Opera,Mariella Allasia,1,0.4943816895568058,0.4943816895568058,0.6532426778242678
BW_Ronceray_Opera,Charlene Gourdin (“Charlie”),1,0.493692151532006,0.493692151532006,0.6526150627615062
BW_Ronceray_Opera,Johann Schiffer,1,0.4926507323464463,0.4926507323464463,0.6513598326359832
BW_Ronceray_Opera,Val Re,1,0.4922497193331077,0.4922497193331077,0.6507322175732217
BW_Ronceray_Opera,Maria Piccoli,1,0.491992478309818,0.491992478309818,0.6501046025104602
BW_Ronceray_Opera,Joanna Konyn,1,0.49180964055442,0.49180964055442,0.6494769874476987
BW_Ronceray_Opera,Marine BOUCOURT,1,0.4913982200362548,0.4913982200362548,0.6482217573221757
BW_Ronceray_Opera,Pascal B,1,0.49088970177241,0.49088970177241,0.6472803347280335
BW_Ronceray_Opera,Даринка Съботинова,1,0.4905190455846565,0.4905190455846565,0.6466527196652719
BW_Ronceray_Opera,Wendy Johnson,1,0.4903704006322553,0.4903704006322553,0.6463389121338912
BW_Ronceray_Opera,LETIZIA CAMMAROTA,1,0.4900166210012596,0.4900166210012596,0.6457112970711296
BW_Ronceray_Opera,Ana Gago Sampedro,1,0.4899576204102982,0.4899576204102982,0.6453974895397488
BW_Ronceray_Opera,Lia Terceiro,1,0.4898678014002198,0.4898678014002198,0.6450836820083682
BW_Ronceray_Opera,206mari,1,0.4895945839249438,0.4895945839249438,0.6444560669456066
BW_Ronceray_Opera,Gabriel De Angelis,1,0.4891856635389208,0.4891856635389208,0.6432008368200837
BW_Ronceray_Opera,Uwe N.,1,0.488928441585347,0.488928441585347,0.6419456066945607
BW_Ronceray_Opera,Hesham Lotfy,1,0.488502862107917,0.488502862107917,0.6406903765690376
BW_Ronceray_Opera,Cmupka,1,0.4880601009263654,0.4880601009263654,0.6403765690376568
BW_Ronceray_Opera,Roberto Fortunati,1,0.4880513597164168,0.4880513597164168,0.6400627615062761
BW_Ronceray_Opera,christine barbe,1,0.4880471743574767,0.4880471743574767,0.6397489539748953
BW_Ronceray_Opera,Billy Hong,1,0.4880332678433854,0.4880332678433854,0.6391213389121339
BW_Ronceray_Opera,cecilia villaverde pedrola,1,0.4879950683177816,0.4879950683177816,0.6388075313807531
BW_Ronceray_Opera,Jocelyne FROCHOT,1,0.4875129470937276,0.4875129470937276,0.6366108786610878
BW_Ronceray_Opera,Frédéric Abadie,1,0.4874168013041668,0.4874168013041668,0.6362970711297071
BW_Ronceray_Opera,Martina Zito,1,0.4873405231323251,0.4873405231323251,0.6359832635983264
BW_Ronceray_Opera,Naima Necib,1,0.4868871657094336,0.4868871657094336,0.635041841004184
BW_Ronceray_Opera,SERGIO IGNACIO,1,0.4862950552854641,0.4862950552854641,0.632531380753138
BW_Ronceray_Opera,Trip.com Member,9,0.28658617453984425,0.4816422947342484,0.6319037656903765
BW_Ronceray_Opera,Alvin Dayan,1,0.4859897457514198,0.4859897457514198,0.631276150627615
BW_Ronceray_Opera,Relax18946242511,1,0.4859252777021891,0.4956777408892902,0.6309623430962342
BW_Ronceray_Opera,marcellwsa,1,0.4856508723205729,0.4856508723205729,0.6297071129707112
BW_Ronceray_Opera,Raquel Canestraro,1,0.485650601995536,0.485650601995536,0.6293933054393305
BW_Ronceray_Opera,Lydia Bundszus,1,0.4854806441532559,0.4854806441532559,0.628765690376569
BW_Ronceray_Opera,Juliana,1,0.4852065360886964,0.4852065360886964,0.6281380753138075
BW_Ronceray_Opera,Angus Lee,1,0.4851056410725221,0.4851056410725221,0.627510460251046
BW_Ronceray_Opera,FabianaGriselda,1,0.4850817643400101,0.4850817643400101,0.6271966527196652
BW_Ronceray_Opera,Maria Exposito palma,1,0.4849691308229107,0.4849691308229107,0.6268828451882844
BW_Ronceray_Opera,Maria Schirru,1,0.4849579887013652,0.4849579887013652,0.6265690376569037
BW_Ronceray_Opera,Mahmoud Mortagy,1,0.4842933210918956,0.4842933210918956,0.625
BW_Ronceray_Opera,anastasiakrasa,1,0.4842671219453323,0.4842671219453323,0.6243723849372385
BW_Ronceray_Opera,Alexa Chilton,1,0.4840601081581851,0.4840601081581851,0.6240585774058577
BW_Ronceray_Opera,Dave Menchen,1,0.4839439078682332,0.4839439078682332,0.6234309623430963
BW_Ronceray_Opera,Graciela Grasso,1,0.4839313207372706,0.4839313207372706,0.6231171548117155
BW_Ronceray_Opera,Aνδριάνα Βίτσα,1,0.4837407427926861,0.4837407427926861,0.6228033472803347
BW_Ronceray_Opera,Morgane Brouard,1,0.4835689980416257,0.4835689980416257,0.6224895397489539
BW_Ronceray_Opera,canan eser,1,0.4830957363316779,0.4830957363316779,0.6209205020920502
BW_Ronceray_Opera,Béatrix BUCHER,1,0.4830322181679805,0.4830322181679805,0.6206066945606694
BW_Ronceray_Opera,Tour20537692351,1,0.4829478064204112,0.4829478064204112,0.6202928870292886
BW_Ronceray_Opera,J L,1,0.4821650400333673,0.4821650400333673,0.6174686192468619
BW_Ronceray_Opera,madhousewife,1,0.4819431949528591,0.4819431949528591,0.6162133891213389
BW_Ronceray_Opera,524gillesb,1,0.4819339218362765,0.4819339218362765,0.6158995815899582
BW_Ronceray_Opera,Maxime Nitasse,1,0.481869946067095,0.481869946067095,0.6155857740585773
BW_Ronceray_Opera,Celine Htz,1,0.4816473046212703,0.4816473046212703,0.6143305439330543
BW_Ronceray_Opera,RosangelaNegri,1,0.4815547383040541,0.4815547383040541,0.6140167364016735
BW_Ronceray_Opera,Fabio C,1,0.4815421118265512,0.4815421118265512,0.6133891213389121
BW_Ronceray_Opera,Michele Mezzapesa,1,0.4813210709713283,0.4813210709713283,0.6124476987447698
BW_Ronceray_Opera,Tour468449,1,0.4812310708248709,0.4812310708248709,0.6121338912133891
BW_Ronceray_Opera,Sara Ashley,1,0.4811073820541088,0.4811073820541088,0.6111924686192468
BW_Ronceray_Opera,Sandra CLOIX,1,0.4810858240010733,0.4810858240010733,0.6102510460251046
BW_Ronceray_Opera,barnie1266,1,0.4808969861569471,0.4808969861569471,0.6093096234309623
BW_Ronceray_Opera,Ann Bunting,1,0.4805367753478891,0.4805367753478891,0.6086820083682007
BW_Ronceray_Opera,Davide Ciarlariello,1,0.4804928854896889,0.4804928854896889,0.60836820083682
BW_Ronceray_Opera,Rocky Fazzolari,1,0.4804881315798099,0.4804881315798099,0.6080543933054393
BW_Ronceray_Opera,Danilo Pagnota,1,0.4800066595329487,0.4800066595329487,0.6064853556485356
BW_Ronceray_Opera,Daniela Sisti,1,0.479961101963069,0.479961101963069,0.605857740585774
BW_Ronceray_Opera,Κουτζαγιώτη Μαρία,1,0.4798738998660273,0.4798738998660273,0.6049163179916318
BW_Ronceray_Opera,Shanta Clayton,1,0.4796599830292353,0.4796599830292353,0.6036610878661087
BW_Ronceray_Opera,Laurent Chapuis,1,0.4796098124981312,0.4796098124981312,0.6033472803347281
BW_Ronceray_Opera,jerome fournier,1,0.4788191811118779,0.4788191811118779,0.5992677824267783
BW_Ronceray_Opera,Iman Nz,1,0.4781452894374252,0.4781452894374252,0.5976987447698745
BW_Ronceray_Opera,Ирина Погребняк,1,0.4781008284731385,0.4781008284731385,0.5973849372384937
BW_Ronceray_Opera,CRISTINA FRUTTERO,1,0.4780598725691893,0.4780598725691893,0.597071129707113
BW_Ronceray_Opera,daniela bernini,1,0.4779370655975594,0.4779370655975594,0.5961297071129706
BW_Ronceray_Opera,Ιωάννα Ρούσε,1,0.4777280395717296,0.4777280395717296,0.5951882845188284
BW_Ronceray_Opera,Laura,1,0.4772209547977285,0.4772209547977285,0.5936192468619247
BW_Ronceray_Opera,248marikef,1,0.4770543747319536,0.4770543747319536,0.5933054393305439
BW_Ronceray_Opera,Steve Farmer,1,0.4770470835572989,0.4770470835572989,0.5929916317991631
BW_Ronceray_Opera,Alejandro Cruz,1,0.4766287130435356,0.4766287130435356,0.5923640167364017
BW_Ronceray_Opera,Δημητρα Χρυσανθη,1,0.4765006198741275,0.4765006198741275,0.5911087866108786
BW_Ronceray_Opera,Scentedflowers 5,1,0.4764093400672065,0.4764093400672065,0.590794979079498
BW_Ronceray_Opera,Jess,1,0.4762359640297647,0.4762359640297647,0.5904811715481171
BW_Ronceray_Opera,George,1,0.4758737716492744,0.4758737716492744,0.5889121338912133
BW_Ronceray_Opera,Horacio Fernandez,1,0.4756690654057939,0.4756690654057939,0.5873430962343096
BW_Ronceray_Opera,Naprid Bili,1,0.4755395010116233,0.4755395010116233,0.5857740585774058
BW_Ronceray_Opera,Erick BOSSARD,1,0.4751178105854741,0.4751178105854741,0.5848326359832636
BW_Ronceray_Opera,micky malu,1,0.4749748989653318,0.4749748989653318,0.5835774058577405
BW_Ronceray_Opera,TANIA,1,0.474717266319653,0.474717266319653,0.582949790794979
BW_Ronceray_Opera,xavier desevaux,1,0.4742581859244072,0.4742581859244072,0.5794979079497908
BW_Ronceray_Opera,Giora Blum,1,0.4739850783436613,0.4739850783436613,0.5776150627615062
BW_Ronceray_Opera,abelitooo,1,0.4739745679579647,0.4739745679579647,0.5773012552301254
BW_Ronceray_Opera,Nelly Ollier,1,0.4737350771838217,0.4737350771838217,0.576673640167364
BW_Ronceray_Opera,Bénédicte JOBERT,1,0.4734855698978371,0.4734855698978371,0.5751046025104602
BW_Ronceray_Opera,takinio7,1,0.4733003764123059,0.4733003764123059,0.5744769874476987
BW_Ronceray_Opera,Giuseppina Cammalleri1966,1,0.473214435074232,0.473214435074232,0.5741631799163179
BW_Ronceray_Opera,Lv9294,1,0.4731531703023344,0.4731531703023344,0.5738493723849373
BW_Ronceray_Opera,Massimo Bertellini,1,0.4730566767448446,0.4730566767448446,0.572907949790795
BW_Ronceray_Opera,Julie GiNDreau,1,0.4729269112011757,0.4729269112011757,0.5719665271966528
BW_Ronceray_Opera,Iakov,1,0.4729225195011485,0.4729225195011485,0.5716527196652719
BW_Ronceray_Opera,Rosa Angela China,1,0.472855076040713,0.472855076040713,0.5713389121338912
BW_Ronceray_Opera,Jri Agarkov,1,0.4728176242310552,0.4728176242310552,0.5710251046025104
BW_Ronceray_Opera,Thomas Coates,1,0.4728120549164221,0.4728120549164221,0.5707112970711297
BW_Ronceray_Opera,ralfgG8739AK,1,0.4726244150105808,0.4726244150105808,0.5697698744769875
BW_Ronceray_Opera,tomjV4020SA,1,0.4723791689391226,0.4723791689391226,0.5682008368200837
BW_Ronceray_Opera,roberta trotti,1,0.4723668404500344,0.4723668404500344,0.5678870292887029
BW_Ronceray_Opera,Katia Di Pasquale,1,0.4722783364814119,0.4722783364814119,0.5675732217573222
BW_Ronceray_Opera,Merlin Jose,1,0.4719710650358411,0.4719710650358411,0.5663179916317992
BW_Ronceray_Opera,kerstinu2015,1,0.4717355889463603,0.4717355889463603,0.5647489539748953
BW_Ronceray_Opera,BARBOUNAKIS FAK,1,0.4713636730819159,0.4713636730819159,0.5641213389121339
BW_Ronceray_Opera,María C.G,1,0.4712634163378318,0.4712634163378318,0.5628661087866108
BW_Ronceray_Opera,Josselin Chapeau,1,0.4711425961067167,0.4711425961067167,0.5625523012552301
BW_Ronceray_Opera,Gimena Velazquez,1,0.4710956419869471,0.4710956419869471,0.5622384937238494
BW_Ronceray_Opera,Bettina D,1,0.4709789253993647,0.4709789253993647,0.5619246861924686
BW_Ronceray_Opera,Georgia Paraskeva,1,0.4708176939667906,0.4708176939667906,0.5603556485355649
BW_Ronceray_Opera,Julia Ivana Kannemann,1,0.4705939065904849,0.4705939065904849,0.5594142259414226
BW_Ronceray_Opera,Alejandra Yanneo,1,0.4704676319014153,0.4704676319014153,0.5581589958158996
BW_Ronceray_Opera,Галина Кузнецова,1,0.470027537386191,0.470027537386191,0.5565899581589958
BW_Ronceray_Opera,Fanny Jehl Thomas,1,0.4699819012584412,0.4699819012584412,0.556276150627615
BW_Ronceray_Opera,Massimiliano Quintini,1,0.4697723036546545,0.4697723036546545,0.5547071129707113
BW_Ronceray_Opera,Dimitrios Gkountouras,1,0.4695051121879283,0.4695051121879283,0.5534518828451883
BW_Ronceray_Opera,Мирослава Трощина,1,0.4692965794443592,0.4692965794443592,0.5521966527196652
BW_Ronceray_Opera,Michelle,1,0.4689953067920959,0.4689953067920959,0.551255230125523
BW_Ronceray_Opera,Lelisblanc,1,0.4688966378984638,0.4688966378984638,0.5506276150627615
BW_Ronceray_Opera,Nebojsa Mirkovic,1,0.4684415315036157,0.4684415315036157,0.5496861924686193
BW_Ronceray_Opera,katiakate 35,1,0.4683277456599446,0.4683277456599446,0.5481171548117155
BW_Ronceray_Opera,Paulo Ricardo,1,0.4683230872622091,0.4683230872622091,0.5478033472803348
BW_Ronceray_Opera,nickielur,1,0.4680854374703481,0.4680854374703481,0.5468619246861924
BW_Ronceray_Opera,Willgina03,1,0.4679814204348989,0.4679814204348989,0.5462343096234309
BW_Ronceray_Opera,Искандер Нурмухамедов,1,0.4679407714594365,0.4679407714594365,0.5456066945606695
BW_Ronceray_Opera,carolina juarez,1,0.4679299276375628,0.4679299276375628,0.5452928870292887
BW_Ronceray_Opera,giovanni mumolo,1,0.4679027518886709,0.4679027518886709,0.5446652719665271
BW_Ronceray_Opera,Carmen Vera,1,0.4675828103741155,0.4675828103741155,0.5437238493723849
BW_Ronceray_Opera,Margherita Formaggio,1,0.4671292370003101,0.4671292370003101,0.5415271966527196
BW_Ronceray_Opera,Michelle Teixeira,1,0.4670762539868194,0.4670762539868194,0.5408995815899582
BW_Ronceray_Opera,an an,1,0.466631528771864,0.466631528771864,0.5393305439330544
BW_Ronceray_Opera,Nicolas Klein,1,0.4659951330722122,0.4659951330722122,0.5365062761506276
BW_Ronceray_Opera,Hioto,1,0.4654945189490581,0.4654945189490581,0.5343096234309623
BW_Ronceray_Opera,Alessia Cavalli,1,0.4653579489627538,0.4653579489627538,0.53336820083682
BW_Ronceray_Opera,Zoe Germani,1,0.4652760738662762,0.4652760738662762,0.5314853556485356
BW_Ronceray_Opera,LB,1,0.4643550733246629,0.4643550733246629,0.5267782426778242
BW_Ronceray_Opera,Marie Ralet,1,0.4639053465258235,0.4639053465258235,0.525836820083682
BW_Ronceray_Opera,oldfathertime,1,0.4638365347791467,0.4638365347791467,0.5255230125523013
BW_Ronceray_Opera,nadd9699,1,0.4638099145174007,0.4638099145174007,0.5252092050209205
BW_Ronceray_Opera,taysar2023,1,0.4636990152322946,0.4636990152322946,0.524581589958159
BW_Ronceray_Opera,ALENA_LAI,1,0.4634173094992055,0.4634173094992055,0.5223849372384938
BW_Ronceray_Opera,Paulin Rio,1,0.4634007260080923,0.4634007260080923,0.522071129707113
BW_Ronceray_Opera,Manuel Garcia,1,0.4632988424793136,0.4632988424793136,0.5214435146443515
BW_Ronceray_Opera,Amelle M,1,0.4632779746734531,0.4632779746734531,0.5211297071129707
BW_Ronceray_Opera,Stanislav Masaryk,1,0.4632077852821111,0.4632077852821111,0.5208158995815899
BW_Ronceray_Opera,김아름,1,0.4630781044016511,0.4630781044016511,0.5201882845188285
BW_Ronceray_Opera,susanna tumbiolo,1,0.4628469764568783,0.4628469764568783,0.5195606694560669
BW_Ronceray_Opera,Corinne Boront,1,0.4620509561748182,0.4620509561748182,0.5161087866108787
BW_Ronceray_Opera,tom tom,1,0.4618612384932496,0.4618612384932496,0.5151673640167364
BW_Ronceray_Opera,Barbara Ouvrard,1,0.4615276152728628,0.4615276152728628,0.5126569037656904
BW_Ronceray_Opera,Dada',1,0.4614605838027114,0.4614605838027114,0.5117154811715481
BW_Ronceray_Opera,P3115TTsylviem,1,0.4613259098627263,0.4613259098627263,0.5104602510460251
BW_Ronceray_Opera,Jisu Kim (John),1,0.4610161862438396,0.4610161862438396,0.5085774058577406
BW_Ronceray_Opera,Asunbp29,1,0.460890084970163,0.460890084970163,0.5073221757322176
BW_Ronceray_Opera,심지민,1,0.4607944231994877,0.4607944231994877,0.5070083682008368
BW_Ronceray_Opera,Παναγιωτης Καζαντζιδης,1,0.4605191724126952,0.4605191724126952,0.5063807531380753
BW_Ronceray_Opera,Melanie DECHAVANNE,1,0.4604896380051988,0.4604896380051988,0.5057531380753139
BW_Ronceray_Opera,Jose Miguel Rodriguez Prieto,1,0.4602944092897733,0.4602944092897733,0.5044979079497908
BW_Ronceray_Opera,FJN Metz,1,0.460043906173158,0.460043906173158,0.5035564853556486
BW_Ronceray_Opera,puech celine,1,0.4598980496418596,0.4598980496418596,0.5026150627615062
BW_Ronceray_Opera,Ann O'Nyme,1,0.4597304168860268,0.4597304168860268,0.5023012552301255
BW_Ronceray_Opera,Stefano Sirico,1,0.4594075124708229,0.4594075124708229,0.5007322175732217
BW_Ronceray_Opera,Alvaro Cortizo,1,0.4592880571552562,0.4592880571552562,0.500418410041841
BW_Ronceray_Opera,sylviemazaleigue,1,0.4589650342155744,0.4589650342155744,0.49853556485355655
BW_Ronceray_Opera,karlhg,1,0.4587562987586985,0.4587562987586985,0.4982217573221758
BW_Ronceray_Opera,Edgar Bocanegra Galvan,1,0.458566693679833,0.458566693679833,0.497907949790795
BW_Ronceray_Opera,Walter Fleury,1,0.4582362876108992,0.4582362876108992,0.4969665271966528
BW_Ronceray_Opera,Douglas Spalding,1,0.4576861119497184,0.4576861119497184,0.49539748953974894
BW_Ronceray_Opera,Quiéta von Gunten,1,0.457401891646068,0.457401891646068,0.49445606694560673
BW_Ronceray_Opera,maria laura gkika,1,0.4573753815260973,0.4573753815260973,0.49414225941422596
BW_Ronceray_Opera,Larry Ford,1,0.4570845549147221,0.4570845549147221,0.49320083682008364
BW_Ronceray_Opera,Raffaella De Bastiani,1,0.4565387412581663,0.4565387412581663,0.4906903765690377
BW_Ronceray_Opera,Italie bianca,1,0.4564731022703394,0.4564731022703394,0.49006276150627615
BW_Ronceray_Opera,Philippe Saimond,1,0.4560647916856826,0.4560647916856826,0.4881799163179916
BW_Ronceray_Opera,Amalia Korianiti,1,0.4560230008440903,0.4560230008440903,0.48786610878661085
BW_Ronceray_Opera,Maria Teresa Miguel Botejara,1,0.4556172759045119,0.4556172759045119,0.4853556485355649
BW_Ronceray_Opera,monicascb,1,0.4536628770080798,0.4536628770080798,0.4812761506276151
BW_Ronceray_Opera,732laurencep,1,0.4533884631618126,0.4533884631618126,0.4809623430962343
BW_Ronceray_Opera,Caira Bourgeois,1,0.4523804032986454,0.4523804032986454,0.47939330543933056
BW_Ronceray_Opera,François Baticle,1,0.4523527268503141,0.4523527268503141,0.4790794979079498
BW_Ronceray_Opera,Frederic 59,1,0.4513190061432159,0.4513190061432159,0.47625523012552295
BW_Ronceray_Opera,Dragoslav Vukovic,1,0.4512707470858714,0.4512707470858714,0.4756276150627615
BW_Ronceray_Opera,Alexandre CHALLON,1,0.4501660148705457,0.4501660148705457,0.4740585774058578
BW_Ronceray_Opera,Hristo Marinov,1,0.4499303180757098,0.4499303180757098,0.47343096234309623
BW_Ronceray_Opera,Evren Saltas,1,0.4496442902262973,0.4496442902262973,0.472489539748954
BW_Ronceray_Opera,marcela verges,1,0.4492544774702456,0.4492544774702456,0.47123430962343094
BW_Ronceray_Opera,Nancy CRUZ,1,0.4492305162579906,0.4492305162579906,0.4706066945606694
BW_Ronceray_Opera,Chetty Sean,1,0.4491454669302938,0.4491454669302938,0.47029288702928873
BW_Ronceray_Opera,Tun Tuni,1,0.4490175278115616,0.4490175278115616,0.4696652719665272
BW_Ronceray_Opera,Bradley Vermunt,1,0.4485256569702042,0.4485256569702042,0.46809623430962344
BW_Ronceray_Opera,David Salley,1,0.4485049747383896,0.4485049747383896,0.46778242677824267
BW_Ronceray_Opera,Rosangela Pagnota,1,0.4483325427431293,0.4483325427431293,0.46715481171548123
BW_Ronceray_Opera,Eddie,1,0.4480603569874431,0.4480603569874431,0.46589958158995814
BW_Ronceray_Opera,Raquel Nerguizian,1,0.4480321666648826,0.4480321666648826,0.4655857740585774
BW_Ronceray_Opera,Mónica Parés,1,0.4479936773285887,0.4479936773285887,0.4652719665271966
BW_Ronceray_Opera,caroline cochet,1,0.4476843393343301,0.4476843393343301,0.4643305439330544
BW_Ronceray_Opera,Mme cosmo PA,1,0.4475598471980488,0.4475598471980488,0.46370292887029285
BW_Ronceray_Opera,Rémi,1,0.4471663433489929,0.4471663433489929,0.4624476987447699
BW_Ronceray_Opera,Vincenzo Prestera,1,0.4469205397940573,0.4469205397940573,0.4608786610878661
BW_Ronceray_Opera,Wael M,1,0.4467612988110592,0.4467612988110592,0.46056485355648535
BW_Ronceray_Opera,Thomas M,1,0.4466361431927493,0.4466361431927493,0.4602510460251046
BW_Ronceray_Opera,Roberto Mariani,1,0.4450338142757293,0.4450338142757293,0.45742677824267786
BW_Ronceray_Opera,けりきっちん,1,0.4446249462643329,0.4446249462643329,0.4567991631799163
BW_Ronceray_Opera,Fabienne Vandendael,1,0.4438937188381929,0.4438937188381929,0.45523012552301256
BW_Ronceray_Opera,Susana Avoguadra,1,0.4437745300007454,0.4437745300007454,0.4549163179916318
BW_Ronceray_Opera,th p,1,0.4425101797900326,0.4425101797900326,0.4514644351464435
BW_Ronceray_Opera,Nathalie Claessens,1,0.4403827003883981,0.4403827003883981,0.44801255230125525
BW_Ronceray_Opera,Nicolas Cadas,1,0.4403806872023177,0.4403806872023177,0.4476987447698745
BW_Ronceray_Opera,英志永野,1,0.4402349217211405,0.4402349217211405,0.4473849372384937
BW_Ronceray_Opera,secretariat442,1,0.4399890703643976,0.4399890703643976,0.44675732217573216
BW_Ronceray_Opera,Ballet_Ballet_Ballet,1,0.4391373858758999,0.4391373858758999,0.4455020920502092
BW_Ronceray_Opera,Daniel V,1,0.4388578921289782,0.4388578921289782,0.44487447698744764
BW_Ronceray_Opera,franco palermiti,1,0.438746871937626,0.438746871937626,0.444560669456067
BW_Ronceray_Opera,Tsubasa Mawatari,1,0.4377010179064913,0.4377010179064913,0.4423640167364017
BW_Ronceray_Opera,Kai Tauber,1,0.4369617995739266,0.4369617995739266,0.44079497907949794
BW_Ronceray_Opera,connie ramos,1,0.4367138629467034,0.4367138629467034,0.44048117154811717
BW_Ronceray_Opera,Milka Papić,1,0.4365060846489367,0.4365060846489367,0.4401673640167364
BW_Ronceray_Opera,Maria Elidia Picarelli,1,0.4360678172385271,0.4360678172385271,0.4392259414225941
BW_Ronceray_Opera,Йорданка Томова,1,0.4360123087253172,0.4360123087253172,0.4389121338912134
BW_Ronceray_Opera,Isidro Santos,1,0.4346972541327995,0.4346972541327995,0.43734309623430967
BW_Ronceray_Opera,Markus Hülshoff,1,0.4344021167873105,0.4344021167873105,0.4367154811715481
BW_Ronceray_Opera,Frédéric Guibert,1,0.4340397916723896,0.4340397916723896,0.43546025104602515
BW_Ronceray_Opera,les pêcheurs .m,1,0.4319448063797461,0.4319448063797461,0.4329497907949791
BW_Ronceray_Opera,Philippe GONÇALVÈS,1,0.4309708156988147,0.4309708156988147,0.43138075313807533
BW_Ronceray_Opera,Philippe LANGUE,1,0.4304018091124958,0.4304018091124958,0.43012552301255236
BW_Ronceray_Opera,Бохос Гюлян,1,0.4289460795162823,0.4289460795162823,0.4285564853556486
BW_Ronceray_Opera,Laurence Poussard (Djeckelle),1,0.4283067676744081,0.4283067676744081,0.42792887029288695
BW_Ronceray_Opera,Emeric Wilmet,1,0.4272850746522607,0.4272850746522607,0.42698744769874475
BW_Ronceray_Opera,SANchez SANdy,1,0.426484740981017,0.426484740981017,0.4263598326359832
BW_Ronceray_Opera,Bénédicte Marin,1,0.4261722122054293,0.4261722122054293,0.42573221757322177
BW_Ronceray_Opera,Philip Reason,1,0.4254919244665887,0.4254919244665887,0.4251046025104602
BW_Ronceray_Opera,Naïma,1,0.4246568809018331,0.4246568809018331,0.42479079497907946
BW_Ronceray_Opera,SAKURA,1,0.4246277766326142,0.4246277766326142,0.4244769874476988
BW_Ronceray_Opera,Michael Mullen,1,0.4244033626387949,0.4244033626387949,0.424163179916318
BW_Ronceray_Opera,Evgeny Lunegov,1,0.4243250208363642,0.4243250208363642,0.42384937238493725
BW_Ronceray_Opera,Krister Ilkert,1,0.4219307767978895,0.4219307767978895,0.4222803347280335
BW_Ronceray_Opera,thibaut goethals,1,0.4204622845892904,0.4204622845892904,0.4210251046025104
BW_Ronceray_Opera,Florian Marquié,1,0.4202797051245183,0.4202797051245183,0.4200836820083682
BW_Ronceray_Opera,Vanessa Nogues,1,0.4202401542234944,0.4202401542234944,0.41976987447698744
BW_Ronceray_Opera,Jade Mairesse,1,0.4199667350001589,0.4199667350001589,0.4191422594142259
BW_Ronceray_Opera,Vincent Baras,1,0.4198934564226092,0.4198934564226092,0.41882845188284523
BW_Ronceray_Opera,Francesco Savini,1,0.419686091617058,0.419686091617058,0.41851464435146446
BW_Ronceray_Opera,N G,1,0.4139995416638908,0.4139995416638908,0.41537656903765685
BW_Ronceray_Opera,Hosub Seo,1,0.4128144608264743,0.4128144608264743,0.4141213389121339
BW_Ronceray_Opera,Sabine Rauscent,1,0.412513014042865,0.412513014042865,0.4138075313807531
BW_Ronceray_Opera,Emmanuel Domingos,1,0.412069438104207,0.412069438104207,0.4128661087866109
BW_Ronceray_Opera,Mel Ellison,1,0.4106208677826848,0.4106208677826848,0.4116108786610879
BW_Ronceray_Opera,Cédric Ghetty,1,0.4097610054427395,0.4097610054427395,0.4106694560669456
BW_Ronceray_Opera,Tony Kvickström,1,0.4097610054427395,0.4097610054427395,0.4106694560669456
BW_Ronceray_Opera,Zara Akther,1,0.4097610054427395,0.4097610054427395,0.4106694560669456
BW_Ronceray_Opera,Edgar Lloret Zaporta,1,0.4082822635682145,0.4082822635682145,0.41035564853556483
BW_Ronceray_Opera,Nicolas Appéré,1,0.4082317073132934,0.4082317073132934,0.41004184100418417
BW_Ronceray_Opera,Sophie Rogers,1,0.4079729096391669,0.4079729096391669,0.4097280334728034
BW_Ronceray_Opera,Spinal2111,1,0.407679118558494,0.407679118558494,0.4094142259414226
BW_Ronceray_Opera,Alexander Tschanz,1,0.4070601357810114,0.4070601357810114,0.4087866108786611
BW_Ronceray_Opera,Jehanne Sampré,1,0.406360218243041,0.406360218243041,0.40815899581589954
BW_Ronceray_Opera,Chantal,1,0.4061703712046601,0.4061703712046601,0.40784518828451877
BW_Ronceray_Opera,Νikos Tsompalidis,1,0.405691251118174,0.405691251118174,0.4075313807531381
BW_Ronceray_Opera,sゆみょん,1,0.4046826446281932,0.4046826446281932,0.40721757322175733
BW_Ronceray_Opera,adrian zekaj,1,0.4039119804400978,0.4039119804400978,0.406276150627615
BW_Ronceray_Opera,Peter Axelsson,1,0.403042018883309,0.403042018883309,0.4056485355648536
BW_Ronceray_Opera,Eliseo Punzo,1,0.4028063698776118,0.4028063698776118,0.4053347280334728
BW_Ronceray_Opera,Bob Binnec,1,0.3998308937701098,0.3998308937701098,0.40502092050209204
BW_Ronceray_Opera,Michel L,1,0.3998308937701098,0.3998308937701098,0.40502092050209204
BW_Ronceray_Opera,roseline h,1,0.3988528986600853,0.3988528986600853,0.40470711297071127
BW_Ronceray_Opera,Alexandros Karatzas,1,0.3826411006428825,0.3826411006428825,0.4043933054393306
BW_Ronceray_Opera,K. T,1,0.3808017820638033,0.3808017820638033,0.40407949790794984
BW_Ronceray_Opera,Ana Caeiro,1,0.3732993262297783,0.3732993262297783,0.4034518828451883
BW_Ronceray_Opera,Jenna Diamond,1,0.370944129274485,0.370944129274485,0.4031380753138075
BW_Ronceray_Opera,faye vaila,1,0.3667404607814588,0.3667404607814588,0.402510460251046
BW_Ronceray_Opera,Rocío Manzano,1,0.3661525858700594,0.3661525858700594,0.40188284518828454
BW_Ronceray_Opera,Владимир Мохов,1,0.3641808783355618,0.3641808783355618,0.40156903765690377
BW_Ronceray_Opera,Ef Pappas,1,0.3607727092991828,0.3607727092991828,0.4009414225941422
BW_Ronceray_Opera,Sylvie D.,1,0.3566445406782158,0.3566445406782158,0.40062761506276146
BW_Ronceray_Opera,Javier vega,1,0.3538855785733562,0.3538855785733562,0.4003138075313808
BW_Ronceray_Opera,Stephanie B,1,0.3520528456570683,0.3520528456570683,0.4
BW_Ronceray_Opera,Christoph Pilz,1,0.3488961933169032,0.3488961933169032,0.3993723849372385
BW_Ronceray_Opera,Manuela R,1,0.3406172747051648,0.3406172747051648,0.3981171548117155
BW_Ronceray_Opera,Viktoriya Fits,1,0.3400486245268607,0.3400486245268607,0.39780334728033473
BW_Ronceray_Opera,Valentina Bellini,1,0.3381022874167224,0.3381022874167224,0.39748953974895396
BW_Ronceray_Opera,Matina Kapa,1,0.3363224443581994,0.3363224443581994,0.39654811715481175
BW_Ronceray_Opera,Alina Mancino,1,0.3352583945846754,0.3352583945846754,0.396234309623431
BW_Ronceray_Opera,Katy U,1,0.3347062480797773,0.3347062480797773,0.3959205020920502
BW_Ronceray_Opera,진여박,1,0.3303724368138617,0.3303724368138617,0.39529288702928866
BW_Ronceray_Opera,Isabel,1,0.3299486127948559,0.3299486127948559,0.3949790794979079
BW_Ronceray_Opera,emmanuel VIGNOULLE,1,0.3286304349339407,0.3286304349339407,0.39466527196652723
BW_Ronceray_Opera,Ronald Krüger,1,0.3273560422616529,0.3273560422616529,0.3940376569037657
BW_Ronceray_Opera,Ruth Venables,1,0.3269391944283926,0.3269391944283926,0.39341004184100414
BW_Ronceray_Opera,David Flickinger,1,0.3263226050536788,0.3263226050536788,0.3930962343096235
BW_Ronceray_Opera,mitch,1,0.3217039404466867,0.3217039404466867,0.39121338912133885
BW_Ronceray_Opera,Scott Jones,1,0.3213579447303752,0.3213579447303752,0.3908995815899582
BW_Ronceray_Opera,Maps13772983775,1,0.3212096971091377,0.3212096971091377,0.3905857740585774
BW_Ronceray_Opera,Jul Yan,1,0.3201708193179761,0.3201708193179761,0.38901673640167367
BW_Ronceray_Opera,Lara katarina,1,0.3197996873378977,0.3197996873378977,0.3887029288702929
BW_Ronceray_Opera,Thomas Barry,1,0.3196167690507102,0.3196167690507102,0.3883891213389121
BW_Ronceray_Opera,Guillaume,1,0.318704551263561,0.318704551263561,0.3874476987447699
BW_Ronceray_Opera,Discover544850,1,0.3170012496841451,0.3170012496841451,0.3865062761506276
BW_Ronceray_Opera,vaff01,1,0.3163416819454419,0.3163416819454419,0.3855648535564853
BW_Ronceray_Opera,Francisco José Lacueva Pérez,1,0.3158297108443449,0.3158297108443449,0.3852510460251046
BW_Ronceray_Opera,Gregory José,1,0.3154826240175037,0.3154826240175037,0.38493723849372385
BW_Ronceray_Opera,Gabs Coola,1,0.3145193672898604,0.3145193672898604,0.3843096234309623
BW_Ronceray_Opera,Lucas Rezende,1,0.314165785564339,0.314165785564339,0.38399581589958154
BW_Ronceray_Opera,Andreas Wohlfarth,1,0.3137703210652962,0.3137703210652962,0.3836820083682009
BW_Ronceray_Opera,Magali T,1,0.3132806525068842,0.3132806525068842,0.38274058577405856
BW_Ronceray_Opera,Alejandro Perdomo,1,0.3127219626720427,0.3127219626720427,0.38085774058577404
BW_Ronceray_Opera,bega1223,1,0.3124205690505717,0.3124205690505717,0.38054393305439327
BW_Ronceray_Opera,mgabi83,1,0.311843249292504,0.311843249292504,0.37960251046025106
BW_Ronceray_Opera,Kelly Tromp,1,0.3106011770140658,0.3106011770140658,0.37866108786610875
BW_Ronceray_Opera,Pedro Ferreira,1,0.3105903814408135,0.3105903814408135,0.378347280334728
BW_Ronceray_Opera,Vincent F,1,0.3098564133751372,0.3098564133751372,0.3780334728033473
BW_Ronceray_Opera,M Ha,1,0.3095426462242311,0.3095426462242311,0.37771966527196654
BW_Ronceray_Opera,Antonio Teoharev,1,0.3080208170922459,0.3080208170922459,0.37646443514644345
BW_Ronceray_Opera,Pascal Tanguay,1,0.307501445640107,0.307501445640107,0.3761506276150628
BW_Ronceray_Opera,Paul Parker,1,0.3061977505932078,0.3061977505932078,0.3748953974895397
BW_Ronceray_Opera,Manuel Cristimil,1,0.3039004889504602,0.3039004889504602,0.3730125523012552
BW_Ronceray_Opera,Mariam Atanasova,1,0.3036301767444835,0.3036301767444835,0.37238493723849375
BW_Ronceray_Opera,Scott Thompson,1,0.3026619185907686,0.3026619185907686,0.37144351464435144
BW_Ronceray_Opera,Mari Angeles Lax,1,0.3022990208059904,0.3022990208059904,0.37112970711297066
BW_Ronceray_Opera,evangmp,1,0.3021755102869118,0.3021755102869118,0.37018828451882846
BW_Ronceray_Opera,Brendan Walsh,1,0.3018602585111208,0.3018602585111208,0.3698744769874477
BW_Ronceray_Opera,Bridget Dumper,1,0.3016852995483536,0.3016852995483536,0.36924686192468614
BW_Ronceray_Opera,rena koufogiannaki,1,0.3007697889390173,0.3007697889390173,0.36736401673640173
BW_Ronceray_Opera,Kim Richards,1,0.2995190581498967,0.2995190581498967,0.36610878661087864
BW_Ronceray_Opera,Tom Herway,1,0.2992423076470443,0.2992423076470443,0.3654811715481171
BW_Ronceray_Opera,Carsten N,1,0.2986826883394636,0.2986826883394636,0.36485355648535567
BW_Ronceray_Opera,Francisco Javier Roldan Marquez De Prado,1,0.2984000789099508,0.2984000789099508,0.36391213389121335
BW_Ronceray_Opera,Carmela Luppino,1,0.2980700581022866,0.2980700581022866,0.36297071129707115
BW_Ronceray_Opera,서동준 (서선수),1,0.2978249345227901,0.2978249345227901,0.36202928870292883
BW_Ronceray_Opera,Julien DUFAUT,1,0.2971627161371002,0.2971627161371002,0.3601464435146443
BW_Ronceray_Opera,Josedrestrepo,1,0.2970549631918474,0.2970549631918474,0.35983263598326354
BW_Ronceray_Opera,Santo Sorbera,1,0.2950931520456175,0.2950931520456175,0.3573221757322176
BW_Ronceray_Opera,D7028WL_,1,0.295062421145852,0.295062421145852,0.3570083682008368
BW_Ronceray_Opera,Corinne BD,1,0.2948167931754999,0.2948167931754999,0.3560669456066946
BW_Ronceray_Opera,Christine Elbert,1,0.2941222765421454,0.2941222765421454,0.3548117154811715
BW_Ronceray_Opera,mo mo,1,0.2939496610577339,0.2939496610577339,0.35449790794979075
BW_Ronceray_Opera,Fleurvanzanten,1,0.2938626919520204,0.2938626919520204,0.35418410041841
BW_Ronceray_Opera,Darinajones,1,0.2938448444790685,0.2938448444790685,0.3538702928870293
BW_Ronceray_Opera,Ottavia Franco,1,0.2931175688675707,0.2931175688675707,0.3526150627615062
BW_Ronceray_Opera,manolis baroutis,1,0.2929144404983741,0.2929144404983741,0.35230125523012557
BW_Ronceray_Opera,tinami1,1,0.2927064361389156,0.2927064361389156,0.351673640167364
BW_Ronceray_Opera,Asbjørn,1,0.292700927815183,0.292700927815183,0.35135983263598325
BW_Ronceray_Opera,Sebastian Masci,1,0.2919738096587758,0.2919738096587758,0.34916317991631796
BW_Ronceray_Opera,pennyhf,1,0.2912791902416402,0.2912791902416402,0.3475941422594142
BW_Ronceray_Opera,Angelika Hirt,1,0.2912003391951631,0.2912003391951631,0.34728033472803344
BW_Ronceray_Opera,monicaguimaraesg,1,0.2908056030634947,0.2908056030634947,0.3457112970711297
BW_Ronceray_Opera,valentinagO249ZG,1,0.2907265090158947,0.2907265090158947,0.34539748953974897
BW_Ronceray_Opera,nyanko67,1,0.2907065695933951,0.2907065695933951,0.34508368200836814
BW_Ronceray_Opera,GEMA MORA,1,0.2903840691436363,0.2903840691436363,0.34414225941422594
BW_Ronceray_Opera,yossi litman,1,0.2902643831078949,0.2902643831078949,0.34382845188284517
BW_Ronceray_Opera,Delon le Roux,1,0.290202175047246,0.290202175047246,0.3435146443514644
BW_Ronceray_Opera,PF Roux,1,0.2901004141462979,0.2901004141462979,0.34288702928870296
BW_Ronceray_Opera,Giuseppe Mammano,1,0.2900584102003571,0.2900584102003571,0.3425732217573222
BW_Ronceray_Opera,francesca pradetto,1,0.2900552501084834,0.2900552501084834,0.3422594142259414
BW_Ronceray_Opera,GFE515,1,0.2897624467885117,0.2897624467885117,0.34131799163179916
BW_Ronceray_Opera,Christian Lefaure,1,0.2881369869203554,0.2881369869203554,0.3372384937238494
BW_Ronceray_Opera,nnkwkthr,1,0.2880042334543414,0.2880042334543414,0.33661087866108785
BW_Ronceray_Opera,IreneValerio18,1,0.2877793265568703,0.2877793265568703,0.33598326359832636
BW_Ronceray_Opera,stathis K,1,0.2875404887848416,0.2875404887848416,0.33472803347280333
BW_Ronceray_Opera,Stephanie Reichhardt,1,0.2874493873267433,0.2874493873267433,0.3337866108786611
BW_Ronceray_Opera,Rocio Dominguez,1,0.287234724978279,0.287234724978279,0.3331589958158996
BW_Ronceray_Opera,Paulo Jorge,1,0.2866295415353218,0.2866295415353218,0.33221757322175727
BW_Ronceray_Opera,Claude Josse,1,0.2856038897130161,0.2856038897130161,0.3300209205020921
BW_Ronceray_Opera,Inna,1,0.2855011825271328,0.2855011825271328,0.3297071129707113
BW_Ronceray_Opera,laroby,1,0.2854555925727667,0.2854555925727667,0.32939330543933054
BW_Ronceray_Opera,Sa Sa,1,0.2854525308658781,0.2854525308658781,0.32907949790794977
BW_Ronceray_Opera,mary lindenstein,1,0.2845247385413285,0.2845247385413285,0.32688284518828453
BW_Ronceray_Opera,Thomas,1,0.2841846119172534,0.2841846119172534,0.3256276150627615
BW_Ronceray_Opera,AlineT360,1,0.2839212206462964,0.2839212206462964,0.3243723849372385
BW_Ronceray_Opera,Viviane Baccarini Baccarini,1,0.2834213369086226,0.2834213369086226,0.322489539748954
BW_Ronceray_Opera,Patrick,1,0.2831510452399226,0.2831510452399226,0.32217573221757323
BW_Ronceray_Opera,nogacairo,1,0.2830158788104219,0.2830158788104219,0.32186192468619246
BW_Ronceray_Opera,Makis Makaros,1,0.2822315481568686,0.2822315481568686,0.32123430962343097
BW_Ronceray_Opera,Martin Sellman,1,0.2820658454470352,0.2820658454470352,0.3202928870292887
BW_Ronceray_Opera,Sandra Rivera,1,0.2818212583571523,0.2818212583571523,0.31966527196652716
BW_Ronceray_Opera,Tony Demol,1,0.2817557484706038,0.2817557484706038,0.31935146443514645
BW_Ronceray_Opera,MAria Racsan,1,0.2814394866667877,0.2814394866667877,0.31872384937238496
BW_Ronceray_Opera,CK Kua,1,0.2812051194105387,0.2812051194105387,0.3184100418410042
BW_Ronceray_Opera,Chiara Di Lallo,1,0.2809687233126783,0.2809687233126783,0.3177824267782427
BW_Ronceray_Opera,ma taz,1,0.2809638907814613,0.2809638907814613,0.3174686192468619
BW_Ronceray_Opera,vincenzo petrelli,1,0.280868290504379,0.280868290504379,0.31684100418410044
BW_Ronceray_Opera,Harald Mondt,1,0.2808545334833141,0.2808545334833141,0.31652719665271967
BW_Ronceray_Opera,anita sütő,1,0.2806858749761881,0.2806858749761881,0.3155857740585774
BW_Ronceray_Opera,Juan Sebastián,1,0.2805883918294804,0.2805883918294804,0.3152719665271967
BW_Ronceray_Opera,Roberto Magán,1,0.2805231512700296,0.2805231512700296,0.3149581589958159
BW_Ronceray_Opera,Miguel Salamanca,1,0.2799353621506947,0.2799353621506947,0.3127615062761506
BW_Ronceray_Opera,Elena,1,0.2797000074558348,0.2797000074558348,0.3111924686192469
BW_Ronceray_Opera,Viviana Gil,1,0.2795447362491343,0.2795447362491343,0.30930962343096235
BW_Ronceray_Opera,Louma,1,0.2794636911105373,0.2794636911105373,0.3086820083682008
BW_Ronceray_Opera,Bk Sim,1,0.279128882657386,0.279128882657386,0.30774058577405855
BW_Ronceray_Opera,soniayanaserebelato,1,0.2786534545438812,0.2786534545438812,0.3061715481171548
BW_Ronceray_Opera,Eric Osouf,1,0.2786446618897879,0.2786446618897879,0.3058577405857741
BW_Ronceray_Opera,triptravellerhk,1,0.2781503348964187,0.2781503348964187,0.3042887029288703
BW_Ronceray_Opera,Cédric Boquillon,1,0.2781312332512794,0.2781312332512794,0.30397489539748956
BW_Ronceray_Opera,Pietro Spini,1,0.2780533751884708,0.2780533751884708,0.30271966527196653
BW_Ronceray_Opera,Marlen Geiger,1,0.2779761524213721,0.2779761524213721,0.3024058577405858
BW_Ronceray_Opera,Matilde Morra,1,0.2779727797270092,0.2779727797270092,0.30209205020920504
BW_Ronceray_Opera,Reinhard Pohanka,1,0.2775443658936651,0.2775443658936651,0.29989539748953975
BW_Ronceray_Opera,Jean pierre Bachmann,1,0.2771177460906918,0.2771177460906918,0.2989539748953975
BW_Ronceray_Opera,Sanitracm,1,0.2768873509995704,0.2768873509995704,0.2986401673640168
BW_Ronceray_Opera,yuri paris324,1,0.2768272270220848,0.2768272270220848,0.298326359832636
BW_Ronceray_Opera,Cliff,1,0.2766336348464853,0.2766336348464853,0.29675732217573225
BW_Ronceray_Opera,cuique_suum,1,0.2765235380934295,0.2765235380934295,0.2961297071129707
BW_Ronceray_Opera,Nilssoncatha,1,0.2763540965192682,0.2763540965192682,0.29518828451882845
BW_Ronceray_Opera,Daryna Hordiienko-Jones,1,0.2763223793410612,0.2763223793410612,0.2948744769874477
BW_Ronceray_Opera,Pierre Lombard,1,0.2762487730791251,0.2762487730791251,0.29456066945606696
BW_Ronceray_Opera,Larry,1,0.2759679783357639,0.2759679783357639,0.2939330543933054
BW_Ronceray_Opera,X7674LGsimones,1,0.275784665090148,0.275784665090148,0.2929916317991632
BW_Ronceray_Opera,Frank Neumann,1,0.275615308365053,0.275615308365053,0.29236401673640167
BW_Ronceray_Opera,May Morad,1,0.2750431125255341,0.2750431125255341,0.2911087866108787
BW_Ronceray_Opera,905dimitrisp,1,0.2745111990825676,0.2745111990825676,0.2901673640167364
BW_Ronceray_Opera,Laure,1,0.2742260113830084,0.2742260113830084,0.28985355648535566
BW_Ronceray_Opera,es45,1,0.2738733220126847,0.2738733220126847,0.2885983263598326
BW_Ronceray_Opera,Daniela Paz,1,0.2738267485762516,0.2738267485762516,0.28797071129707114
BW_Ronceray_Opera,Ran Shaked,1,0.2734804007421311,0.2734804007421311,0.2867154811715481
BW_Ronceray_Opera,e2rs0000,1,0.2725897271168326,0.2725897271168326,0.2842050209205021
BW_Ronceray_Opera,pierre gaudi,1,0.272571651241859,0.272571651241859,0.2838912133891214
BW_Ronceray_Opera,Jean-Louis Bardou,1,0.2725450444546183,0.2725450444546183,0.28326359832635983
BW_Ronceray_Opera,cindyvO518XK,1,0.2721846733154355,0.2721846733154355,0.28106694560669454
BW_Ronceray_Opera,Simone Pignataro,1,0.2721400715745448,0.2721400715745448,0.2807531380753138
BW_Ronceray_Opera,riri525,2,0.159613505593248,0.258579167838481,0.2803347280334728
BW_Ronceray_Opera,Rachele Miele,1,0.2720697945285745,0.2720697945285745,0.28012552301255234
BW_Ronceray_Opera,453tetsuyak,1,0.2719295005385954,0.2719295005385954,0.27981171548117156
BW_Ronceray_Opera,Pierre Vicard,1,0.2718893362452736,0.2718893362452736,0.2794979079497908
BW_Ronceray_Opera,sweetmirangc,1,0.2714659608877108,0.2714659608877108,0.2782426778242678
BW_Ronceray_Opera,Elisa Meoni,1,0.2712373291751322,0.2712373291751322,0.27761506276150627
BW_Ronceray_Opera,Eric Wiame,1,0.2705870447949443,0.2705870447949443,0.27667364016736407
BW_Ronceray_Opera,NOTRUF IMMOCENTRAL,1,0.2702956362068672,0.2702956362068672,0.275418410041841
BW_Ronceray_Opera,Roman Stepanenko,1,0.2696341660098685,0.2696341660098685,0.2732217573221757
BW_Ronceray_Opera,skyertw,1,0.2693819416721468,0.2693819416721468,0.2713389121338912
BW_Ronceray_Opera,patricia aeschelmann,1,0.2688093167802093,0.2688093167802093,0.2700836820083682
BW_Ronceray_Opera,조근영,1,0.2680769549275155,0.2680769549275155,0.26851464435146444
BW_Ronceray_Opera,andreys979,1,0.2680493236967035,0.2680493236967035,0.26820083682008367
BW_Ronceray_Opera,465alainr,1,0.2679640230658027,0.2679640230658027,0.26788702928870295
BW_Ronceray_Opera,Isabel Jesus_gmail,1,0.2675763497175072,0.2675763497175072,0.2669456066945607
BW_Ronceray_Opera,Patrick Bontemps,1,0.2668551322611494,0.2668551322611494,0.26537656903765694
BW_Ronceray_Opera,Patou et Jean-Marc,1,0.2666687576647712,0.2666687576647712,0.2644351464435146
BW_Ronceray_Opera,Katerina Zisi,1,0.2666641882131211,0.2666641882131211,0.2641213389121339
BW_Ronceray_Opera,Galina Solonetskaia,1,0.2664504423981004,0.2664504423981004,0.26380753138075314
BW_Ronceray_Opera,Christine Fan,1,0.2662103352308887,0.2662103352308887,0.26349372384937236
BW_Ronceray_Opera,gilles baboin,1,0.2660706518312446,0.2660706518312446,0.26317991631799165
BW_Ronceray_Opera,Yurii Kondratskyi,1,0.2659980724139644,0.2659980724139644,0.2628661087866109
BW_Ronceray_Opera,Patrice VIARD,1,0.2657243416787871,0.2657243416787871,0.2616108786610879
BW_Ronceray_Opera,tsuppeke,1,0.2654518626497277,0.2654518626497277,0.2606694560669456
BW_Ronceray_Opera,Evelina,1,0.265353906781844,0.265353906781844,0.2603556485355648
BW_Ronceray_Opera,Thomas Danger,1,0.2652678114672441,0.2652678114672441,0.2594142259414226
BW_Ronceray_Opera,Paula Fernandes,1,0.2652653400072089,0.2652653400072089,0.25910041841004183
BW_Ronceray_Opera,Andreu SM,1,0.2652607984645734,0.2652607984645734,0.25878661087866106
BW_Ronceray_Opera,U3132WY_,1,0.2650965159594711,0.2650965159594711,0.25815899581589963
BW_Ronceray_Opera,Aleksandra,1,0.2649673639742241,0.2649673639742241,0.25784518828451886
BW_Ronceray_Opera,J5735UBsophiak,1,0.2648015334710889,0.2648015334710889,0.25596234309623433
BW_Ronceray_Opera,Eric Damerval (“Musicman84550”),1,0.2646734176672308,0.2646734176672308,0.2547071129707113
BW_Ronceray_Opera,Mani Suri,1,0.2643137927686664,0.2643137927686664,0.25345188284518827
BW_Ronceray_Opera,benjamin Devienne,1,0.264240791273017,0.264240791273017,0.2531380753138075
BW_Ronceray_Opera,Love Lnd,1,0.2642216888398245,0.2642216888398245,0.2528242677824268
BW_Ronceray_Opera,Name,1,0.264118599764044,0.264118599764044,0.25251046025104606
BW_Ronceray_Opera,Craig Rosborough,1,0.2640105876873824,0.2640105876873824,0.25156903765690375
BW_Ronceray_Opera,Mario Mastellone,1,0.2639418853503762,0.2639418853503762,0.251255230125523
BW_Ronceray_Opera,Mohamad Ghaoui (Mo),1,0.2638309613893481,0.2638309613893481,0.2506276150627615
BW_Ronceray_Opera,TERRYPINK,1,0.2633110885074717,0.2633110885074717,0.2493723849372385
BW_Ronceray_Opera,Alain Houli,1,0.2631492441355031,0.2631492441355031,0.24905857740585774
BW_Ronceray_Opera,Fabio V,1,0.2631342002093078,0.2631342002093078,0.248744769874477
BW_Ronceray_Opera,Jean Gaëtan Tardino,1,0.2628984979361349,0.2628984979361349,0.24811715481171548
BW_Ronceray_Opera,Damien,1,0.2628233158193767,0.2628233158193767,0.24780334728033473
BW_Ronceray_Opera,Davor Penjašković,1,0.2624196021756171,0.2624196021756171,0.24686192468619247
BW_Ronceray_Opera,Wendy Lau,1,0.2619631470675184,0.2619631470675184,0.2446652719665272
BW_Ronceray_Opera,Ingrid Reusch,1,0.261654499767842,0.261654499767842,0.2440376569037657
BW_Ronceray_Opera,Lazylazz,1,0.2607335397967908,0.2607335397967908,0.24309623430962343
BW_Ronceray_Opera,Lady Snaw,1,0.2604230193052385,0.2604230193052385,0.24278242677824266
BW_Ronceray_Opera,davis0413,1,0.2602900500759156,0.2602900500759156,0.24215481171548117
BW_Ronceray_Opera,Sam Richardson,1,0.2598733163348085,0.2598733163348085,0.24152719665271968
BW_Ronceray_Opera,Bengt Nilsson,1,0.2597484503986337,0.2597484503986337,0.2412133891213389
BW_Ronceray_Opera,Sébastien May,1,0.2595194382365586,0.2595194382365586,0.24027196652719665
BW_Ronceray_Opera,Annaba_11,1,0.259461947482659,0.259461947482659,0.2399581589958159
BW_Ronceray_Opera,Antonio Umeres,1,0.2593731550422781,0.2593731550422781,0.23964435146443513
BW_Ronceray_Opera,WarehamFamily,1,0.2592394436202722,0.2592394436202722,0.23901673640167365
BW_Ronceray_Opera,Rurik Valladares,1,0.2591094712240864,0.2591094712240864,0.2387029288702929
BW_Ronceray_Opera,Peter Venturi,1,0.2589890410940716,0.2589890410940716,0.23838912133891213
BW_Ronceray_Opera,JOHN D Schaeffer,1,0.2589748173481706,0.2589748173481706,0.23807531380753139
BW_Ronceray_Opera,Victoria Feijoo,1,0.2587850934770457,0.2587850934770457,0.2365062761506276
BW_Ronceray_Opera,Blanca Vinues Martinez,1,0.2587804529522873,0.2587804529522873,0.23619246861924686
BW_Ronceray_Opera,Frank Gerdes-Blank,1,0.2581823538346993,0.2581823538346993,0.2352510460251046
BW_Ronceray_Opera,Nadezhda,1,0.2570962686091814,0.2570962686091814,0.23274058577405857
BW_Ronceray_Opera,Michel Rogard,1,0.2565202173060877,0.2565202173060877,0.2317991631799163
BW_Ronceray_Opera,Sennenmaedchen,1,0.2564996636522597,0.2564996636522597,0.23148535564853556
BW_Ronceray_Opera,534valeriaj,1,0.2562832844109486,0.2562832844109486,0.2305439330543933
BW_Ronceray_Opera,Fulvio Delicato,1,0.2555561844489163,0.2555561844489163,0.22991631799163179
BW_Ronceray_Opera,Philippe JALLOT,1,0.2547445284270032,0.2547445284270032,0.22834728033472804
BW_Ronceray_Opera,Dean Johnson,1,0.2542256481189809,0.2542256481189809,0.22771966527196652
BW_Ronceray_Opera,Mariuccia Albiati,1,0.2542180389747336,0.2542180389747336,0.22740585774058578
BW_Ronceray_Opera,Thomas Guerret,1,0.2532892599368201,0.2532892599368201,0.22615062761506277
BW_Ronceray_Opera,Daniel Y. Hwang,1,0.2529377148080053,0.2529377148080053,0.2252092050209205
BW_Ronceray_Opera,Audun Goksøyr,1,0.2526310351631375,0.2526310351631375,0.224581589958159
BW_Ronceray_Opera,Poivre Etsel,1,0.2526119334290119,0.2526119334290119,0.22426778242677825
BW_Ronceray_Opera,Tony Truand,1,0.2522600038596189,0.2522600038596189,0.22364016736401673
BW_Ronceray_Opera,Escape538842,1,0.25184336256973,0.25184336256973,0.2226987447698745
BW_Ronceray_Opera,Mauro Di Castro,1,0.251634341621371,0.251634341621371,0.22238493723849373
BW_Ronceray_Opera,François MARTIN-CHAVE,1,0.2506526499586567,0.2506526499586567,0.22081589958158995
BW_Ronceray_Opera,Jeandavid Falguiere,1,0.2505256379303955,0.2505256379303955,0.22018828451882844
BW_Ronceray_Opera,Mario Siniak,1,0.2501953246787079,0.2501953246787079,0.21956066945606695
BW_Ronceray_Opera,soraya soltani,1,0.2499391435507079,0.2499391435507079,0.21893305439330543
BW_Ronceray_Opera,Rocky,1,0.2493172622508697,0.2493172622508697,0.21673640167364017
BW_Ronceray_Opera,Damien Logeais,1,0.2491844638184585,0.2491844638184585,0.21610878661087865
BW_Ronceray_Opera,Julie Martin,1,0.2491562352893302,0.2491562352893302,0.2157949790794979
BW_Ronceray_Opera,Lydia radoch,1,0.2490490069346609,0.2490490069346609,0.21516736401673642
BW_Ronceray_Opera,Axelle,1,0.2487355095617747,0.2487355095617747,0.21453974895397487
BW_Ronceray_Opera,Alexandre Leleu,1,0.2486563801976911,0.2486563801976911,0.21422594142259416
BW_Ronceray_Opera,Dominggas Hitijahubessy,1,0.2463261917085331,0.2463261917085331,0.21077405857740586
BW_Ronceray_Opera,Василка Русева,1,0.2461669522158778,0.2461669522158778,0.21046025104602512
BW_Ronceray_Opera,Themos Anastasopoulos,1,0.2460673816563904,0.2460673816563904,0.21014644351464434
BW_Ronceray_Opera,이수연,1,0.2457482252356711,0.2457482252356711,0.20951882845188285
BW_Ronceray_Opera,JonasK856,1,0.2451698133073061,0.2451698133073061,0.2085774058577406
BW_Ronceray_Opera,Gabrieli Castro,1,0.244786541004796,0.244786541004796,0.20763598326359833
BW_Ronceray_Opera,Tim Aykroyd,1,0.2444371392248583,0.2444371392248583,0.20669456066945607
BW_Ronceray_Opera,947petrasc,1,0.244213990262171,0.244213990262171,0.20606694560669458
BW_Ronceray_Opera,Isabelle Le cunff,1,0.2435468847722415,0.2435468847722415,0.20543933054393304
BW_Ronceray_Opera,376annickm,1,0.2432728815230441,0.2432728815230441,0.2051255230125523
BW_Ronceray_Opera,Philippe Kfp,1,0.2432121159082503,0.2432121159082503,0.20481171548117155
BW_Ronceray_Opera,Olivier H,1,0.2426152979663227,0.2426152979663227,0.20449790794979078
BW_Ronceray_Opera,Loïck,1,0.2425746838402269,0.2425746838402269,0.20418410041841006
BW_Ronceray_Opera,Marta Martín Pérez,1,0.242389071806286,0.242389071806286,0.2038702928870293
BW_Ronceray_Opera,Claude molinier,1,0.2406335821940212,0.2406335821940212,0.20292887029288703
BW_Ronceray_Opera,Josep Soler Casanellas,1,0.2405870350193061,0.2405870350193061,0.2026150627615063
BW_Ronceray_Opera,Roze Sherani,1,0.2395004229972208,0.2395004229972208,0.20230125523012552
BW_Ronceray_Opera,Gio Nobolo,1,0.2394936976256129,0.2394936976256129,0.20198744769874477
BW_Ronceray_Opera,Sparrow,1,0.2394861768843001,0.2394861768843001,0.201673640167364
BW_Ronceray_Opera,Hugo,1,0.238688431350796,0.238688431350796,0.20073221757322174
BW_Ronceray_Opera,irene_glotova,1,0.2375725596637702,0.2375725596637702,0.1997907949790795
BW_Ronceray_Opera,Dom F M,1,0.2373689088430294,0.2373689088430294,0.199163179916318
BW_Ronceray_Opera,Mohamed Poonawala,1,0.2360874167125587,0.2360874167125587,0.19822175732217573
BW_Ronceray_Opera,Irina M,1,0.2360105728541451,0.2360105728541451,0.19759414225941424
BW_Ronceray_Opera,Marc TEILLET,1,0.2352162258306389,0.2352162258306389,0.1963389121338912
BW_Ronceray_Opera,Γιώργος Πουλής,1,0.2349325242378472,0.2349325242378472,0.19602510460251044
BW_Ronceray_Opera,Francois Boulier,1,0.2335850417056585,0.2335850417056585,0.19571129707112972
BW_Ronceray_Opera,Loi Truong,1,0.2326162270050285,0.2326162270050285,0.19476987447698746
BW_Ronceray_Opera,Andrew Abiola,1,0.2309666340130938,0.2309666340130938,0.1944560669456067
BW_Ronceray_Opera,vijay Raghavan,1,0.230334673000142,0.230334673000142,0.1938284518828452
BW_Ronceray_Opera,octopusyster,1,0.226807036742389,0.226807036742389,0.19288702928870294
BW_Ronceray_Opera,sifredo7,1,0.226250984299268,0.226250984299268,0.19257322175732217
BW_Ronceray_Opera,ANTONIO GOMEZ,1,0.2247394034330696,0.2247394034330696,0.19194560669456068
BW_Ronceray_Opera,Marie Clotilde DOIMO,1,0.2242751928278653,0.2242751928278653,0.19131799163179916
BW_Ronceray_Opera,karine cassini,1,0.2238671491230969,0.2238671491230969,0.19100418410041842
BW_Ronceray_Opera,Arnaud,1,0.2232730052866438,0.2232730052866438,0.19069037656903765
BW_Ronceray_Opera,Sylvain LAURENT,1,0.2229531735991015,0.2229531735991015,0.18974895397489538
BW_Ronceray_Opera,gilles richard,1,0.2186395443755165,0.2186395443755165,0.18786610878661086
BW_Ronceray_Opera,Brahim Chaouki,1,0.2184246410317186,0.2184246410317186,0.18755230125523015
BW_Ronceray_Opera,SJ IJsseldijk,1,0.217074959576486,0.217074959576486,0.18629707112970711
BW_Ronceray_Opera,Jean Baptiste Lamah,1,0.2168950031577866,0.2168950031577866,0.18598326359832634
BW_Ronceray_Opera,Frederic Garbez,1,0.2141808101439444,0.2141808101439444,0.18504184100418408
BW_Ronceray_Opera,Damrongsak Jongpairojcosit,1,0.2131265229010269,0.2131265229010269,0.18472803347280337
BW_Ronceray_Opera,Jo Lip,1,0.2103753615292327,0.2103753615292327,0.1844142259414226
BW_Ronceray_Opera,Jean Corbel,1,0.2096021961812654,0.2096021961812654,0.18410041841004185
BW_Ronceray_Opera,Hervé MATTER,1,0.2058698456054605,0.2058698456054605,0.18347280334728033
BW_Ronceray_Opera,Pascal Peugeot,1,0.202955936911567,0.202955936911567,0.18253138075313807
BW_Ronceray_Opera,elisabeth louvari,1,0.2000150105018108,0.2000150105018108,0.18221757322175733
BW_Ronceray_Opera,THOMAS LAPPAS,1,0.1932182608704685,0.1932182608704685,0.18190376569037658
BW_Ronceray_Opera,*캐,1,0.1861430208776646,0.1861430208776646,0.1815899581589958
BW_Ronceray_Opera,Luca Iovane,1,0.1756385970893233,0.1756385970893233,0.18127615062761507
BW_Ronceray_Opera,Charline DIDO,1,0.1749751860432125,0.1749751860432125,0.18096234309623432
BW_Ronceray_Opera,joelle marchal,1,0.1628622527859205,0.1628622527859205,0.18064853556485355
BW_Ronceray_Opera,Lesley Yuen,1,0.1584899823696165,0.1584899823696165,0.18002092050209206
BW_Ronceray_Opera,Linnea Winchester,1,0.1571240155714491,0.1571240155714491,0.1797071129707113
BW_Ronceray_Opera,C CCM,1,0.1569300543354118,0.1569300543354118,0.17939330543933055
BW_Ronceray_Opera,Jessie Clarie,1,0.1512126134523748,0.1512126134523748,0.1790794979079498
BW_Ronceray_Opera,phil wylie,1,0.1398290594430362,0.1398290594430362,0.17876569037656903
BW_Ronceray_Opera,Jan Engelen,1,0.1324022146498571,0.1324022146498571,0.17751046025104605
BW_Ronceray_Opera,Laurence B.,1,0.1243667383190732,0.1243667383190732,0.17656903765690377
BW_Ronceray_Opera,Kevin K,1,0.1239561979707292,0.1239561979707292,0.17625523012552302
BW_Ronceray_Opera,M J,1,0.1227993350524236,0.1227993350524236,0.17594142259414225
BW_Ronceray_Opera,Julia Bateson,1,0.122621931625398,0.122621931625398,0.1756276150627615
BW_Ronceray_Opera,Giorgoskatikas,1,0.1215978595336108,0.1215978595336108,0.17531380753138076
BW_Ronceray_Opera,lavados72,1,0.1207835570271704,0.1207835570271704,0.175
BW_Ronceray_Opera,Paul Broadbent,1,0.1207330975490834,0.1207330975490834,0.17468619246861927
BW_Ronceray_Opera,Jeanch,1,0.1203842879428835,0.1203842879428835,0.1743723849372385
BW_Ronceray_Opera,Kouru Imai,1,0.1201125199325271,0.1201125199325271,0.17405857740585773
BW_Ronceray_Opera,Gina Hoßfeld,1,0.1188981836504228,0.1188981836504228,0.17311715481171547
BW_Ronceray_Opera,B. K.,1,0.1182654682473625,0.1182654682473625,0.17280334728033472
BW_Ronceray_Opera,Olga Sulgacika,1,0.1161030213107909,0.1161030213107909,0.17248953974895398
BW_Ronceray_Opera,Ingo Petters,1,0.1139328235639014,0.1139328235639014,0.1721757322175732
BW_Ronceray_Opera,MERSCH Céline,1,0.1127328021324753,0.1127328021324753,0.17154811715481172
BW_Ronceray_Opera,Gabriela Cimas,1,0.111115476577245,0.111115476577245,0.17123430962343095
BW_Ronceray_Opera,Sandrine Sandrine,1,0.1098167306519942,0.1098167306519942,0.17092050209205023
BW_Ronceray_Opera,formentonmarios,1,0.1083161762707877,0.1083161762707877,0.17060669456066946
BW_Ronceray_Opera,Céline ARANEGA,1,0.1080016377666177,0.1080016377666177,0.1702928870292887
BW_Ronceray_Opera,Ricky Lynch,1,0.1048695590484331,0.1048695590484331,0.16872384937238494
BW_Ronceray_Opera,Amparo Ferrer,1,0.1046702057312727,0.1046702057312727,0.1684100418410042
BW_Ronceray_Opera,y i,1,0.1042278397116369,0.1042278397116369,0.16778242677824268
BW_Ronceray_Opera,Vivian Jimenez,1,0.1041399286705084,0.1041399286705084,0.1674686192468619
BW_Ronceray_Opera,Walter Bargmann,1,0.1041201799039714,0.1041201799039714,0.1671548117154812
BW_Ronceray_Opera,ricardomV9242ZP,1,0.1013560274607636,0.1013560274607636,0.16621338912133893
BW_Ronceray_Opera,Stephanie,1,0.101132815248913,0.101132815248913,0.16589958158995816
BW_Ronceray_Opera,luisinaaloha,1,0.0992271739149168,0.0992271739149168,0.16464435146443515
BW_Ronceray_Opera,Linda Cohen Ponter,1,0.0985545091632242,0.0985545091632242,0.1643305439330544
BW_Ronceray_Opera,alex HARRIS,1,0.0952163663812171,0.0952163663812171,0.16150627615062763
BW_Ronceray_Opera,Silvia Brambilla,1,0.0940815773227089,0.0940815773227089,0.1608786610878661
BW_Ronceray_Opera,Edgardo Gallego,1,0.0928825463463217,0.0928825463463217,0.1602510460251046
BW_Ronceray_Opera,Anna Mostratou,1,0.0922953827626074,0.0922953827626074,0.1596234309623431
BW_Ronceray_Opera,Martial Vétier,1,0.0921528273952257,0.0921528273952257,0.15930962343096233
BW_Ronceray_Opera,Βασίλης Κύρτσος,1,0.091512099145866,0.091512099145866,0.1589958158995816
BW_Ronceray_Opera,Chantal Gabriël,1,0.0913039460057293,0.0913039460057293,0.15868200836820084
BW_Ronceray_Opera,Alexandra Martins,1,0.0905403237300254,0.0905403237300254,0.15805439330543933
BW_Ronceray_Opera,Sara Deseyne,1,0.0902231983569784,0.0902231983569784,0.15774058577405858
BW_Ronceray_Opera,U M,1,0.090115024071551,0.090115024071551,0.15742677824267784
BW_Ronceray_Opera,Мария Лашманова,1,0.0866838612216298,0.0866838612216298,0.1549163179916318
BW_Ronceray_Opera,Jason Sherrill,1,0.0861105682598449,0.0861105682598449,0.15428870292887029
BW_Ronceray_Opera,Sergio Gonzalez,1,0.0850254952771343,0.0850254952771343,0.15397489539748954
BW_Ronceray_Opera,marcopaoli1992,1,0.0848381707645725,0.0848381707645725,0.1536610878661088
BW_Ronceray_Opera,Doerte Ma,1,0.0832874020318125,0.0832874020318125,0.15146443514644353
BW_Ronceray_Opera,고은숙,1,0.0830964897680424,0.0830964897680424,0.15115062761506276
BW_Ronceray_Opera,Jonathan Koenn,1,0.082409242425266,0.082409242425266,0.14989539748953976
BW_Ronceray_Opera,girino vey,1,0.0823255643847848,0.0823255643847848,0.149581589958159
BW_Ronceray_Opera,Luca L,1,0.0823135266342487,0.0823135266342487,0.14926778242677824
BW_Ronceray_Opera,Sophie Main,1,0.0817929823343076,0.0817929823343076,0.1489539748953975
BW_Ronceray_Opera,Alicia-Ancran,1,0.0810069334381319,0.0810069334381319,0.14738493723849372
BW_Ronceray_Opera,Dave Craig,1,0.0806575414366365,0.0806575414366365,0.14707112970711297
BW_Ronceray_Opera,Susan Gray,1,0.0789186370367077,0.0789186370367077,0.14518828451882845
BW_Ronceray_Opera,ostal,1,0.0782024523037068,0.0782024523037068,0.14456066945606694
BW_Ronceray_Opera,Z2604LXcaterinag,1,0.0780047679892725,0.0780047679892725,0.1442468619246862
BW_Ronceray_Opera,Edson Senna,1,0.0779355686621289,0.0779355686621289,0.14393305439330545
BW_Ronceray_Opera,Luiza Helena,1,0.0772020345176513,0.0772020345176513,0.14267782426778244
BW_Ronceray_Opera,David Wallis,1,0.0758166839063997,0.0758166839063997,0.1414225941422594
BW_Ronceray_Opera,Martha Cheim,1,0.0754597679156442,0.0754597679156442,0.14110878661087867
BW_Ronceray_Opera,VisitatoreMusei,1,0.0743108347757844,0.0743108347757844,0.1401673640167364
BW_Ronceray_Opera,liekemvk,1,0.0739156531753098,0.0739156531753098,0.13953974895397492
BW_Ronceray_Opera,Thanostravels,1,0.0726274684151229,0.0726274684151229,0.13828451882845189
BW_Ronceray_Opera,Leon Willems,1,0.0726165348820066,0.0726165348820066,0.13797071129707114
BW_Ronceray_Opera,Andrea Bottegopr,1,0.0718745723833039,0.0718745723833039,0.13765690376569037
BW_Ronceray_Opera,Marinus47,1,0.0718157598406114,0.0718157598406114,0.13734309623430963
BW_Ronceray_Opera,晁金焰,1,0.0716546112623928,0.0716546112623928,0.13671548117154814
BW_Ronceray_Opera,Michiel Janssens,1,0.0699857979460847,0.0699857979460847,0.1342050209205021
BW_Ronceray_Opera,418johnnyd,1,0.0693286570376087,0.0693286570376087,0.13389121338912136
BW_Ronceray_Opera,niko5711,1,0.0687560792162623,0.0687560792162623,0.13326359832635984
BW_Ronceray_Opera,A W,1,0.0685056574891548,0.0685056574891548,0.13263598326359832
BW_Ronceray_Opera,Andrea Torelli,1,0.068504913458808,0.068504913458808,0.13232217573221758
BW_Ronceray_Opera,Francisco A.,1,0.0682838173413672,0.0682838173413672,0.13200836820083683
BW_Ronceray_Opera,ΜΑΡΙΑ-ΧΡΙΣΤΙΝΑ ΠΕΤΑΛΑ,1,0.0680109852807619,0.0680109852807619,0.13138075313807532
BW_Ronceray_Opera,Levoli,1,0.0675118296004538,0.0675118296004538,0.1307531380753138
BW_Ronceray_Opera,Оксана Голуб,1,0.0673830160816602,0.0673830160816602,0.13043933054393306
BW_Ronceray_Opera,B 21,1,0.0672425356797213,0.0672425356797213,0.1301255230125523
BW_Ronceray_Opera,maurizioD437LZ,1,0.0651979175832255,0.0651979175832255,0.12761506276150628
BW_Ronceray_Opera,ΓΙΩΡΓΟΣ ΠΟΘΗΤΑΚΗΣ,1,0.064897362390698,0.064897362390698,0.12730125523012553
BW_Ronceray_Opera,Mickaël Morisot,1,0.0643707401426018,0.0643707401426018,0.12635983263598327
BW_Ronceray_Opera,Yacine Badiss,1,0.0641334023268967,0.0641334023268967,0.12604602510460253
BW_Ronceray_Opera,Escape45318182842,1,0.0634496235247752,0.0634496235247752,0.1247907949790795
BW_Ronceray_Opera,Efstathios Paraskevas,1,0.0627121290765981,0.0627121290765981,0.12416317991631799
BW_Ronceray_Opera,hugoloma100,1,0.060604377351262,0.060604377351262,0.12290794979079499
BW_Ronceray_Opera,Gaelle Bohl,1,0.0590891952267962,0.0590891952267962,0.12196652719665273
BW_Ronceray_Opera,maymasa,1,0.0574001966514832,0.0574001966514832,0.12165271966527197
BW_Ronceray_Opera,Junior Star (Mach3Music),1,0.0569734161622935,0.0569734161622935,0.12102510460251047
BW_Ronceray_Opera,Stavros Papadimitriou,1,0.0569060124110595,0.0569060124110595,0.12071129707112971
BW_Ronceray_Opera,antonio mesquida,1,0.0555912938012174,0.0555912938012174,0.1200836820083682
BW_Ronceray_Opera,Derek Hill,1,0.0546965322939036,0.0546965322939036,0.1194560669456067
BW_Ronceray_Opera,Dimitrios Vlachakis,1,0.0543166450253739,0.0543166450253739,0.11851464435146444
BW_Ronceray_Opera,Lisa,1,0.0509322945466356,0.0509322945466356,0.11757322175732218
BW_Ronceray_Opera,madeleine cambounet,1,0.0464323098596603,0.0464323098596603,0.11663179916317992
BW_Ronceray_Opera,Andrew Stratford,1,0.045372164453803,0.045372164453803,0.11631799163179916
BW_Ronceray_Opera,Marie-Anna DEVERLY,1,0.0447488671730962,0.0447488671730962,0.11600418410041842
BW_Ronceray_Opera,Loulou Vintges,1,0.0438629092758465,0.0438629092758465,0.11506276150627616
BW_Ronceray_Opera,Ed van Oerle,1,0.0427545100268099,0.0427545100268099,0.1141213389121339
BW_Ronceray_Opera,René T.,1,0.0424750513845415,0.0424750513845415,0.1134937238493724
BW_Ronceray_Opera,Martynas Pilkis,1,0.0419603040895285,0.0419603040895285,0.11286610878661088
BW_Ronceray_Opera,sabrina mayer,1,0.0413230019172446,0.0413230019172446,0.11255230125523014
BW_Ronceray_Opera,Monica Ancora,1,0.0412460302348107,0.0412460302348107,0.11223849372384938
BW_Ronceray_Opera,"""""",1,0.0412191219839675,0.0412191219839675,0.11192468619246862
BW_Ronceray_Opera,jean-paul truchet,1,0.0409164676094686,0.0409164676094686,0.11129707112970712
BW_Ronceray_Opera,Jaroslav Seifert,1,0.0395679224755539,0.0395679224755539,0.11066945606694562
BW_Ronceray_Opera,Stella White,1,0.0384935232662287,0.0384935232662287,0.11035564853556486
BW_Ronceray_Opera,Rosimara Freitas Magalhães,1,0.0373476770374431,0.0373476770374431,0.10972803347280335
BW_Ronceray_Opera,Xavier PB,1,0.0368934426791052,0.0368934426791052,0.1087866108786611
BW_Ronceray_Opera,Florent REYMOND-GAUDRY,1,0.0366895388289384,0.0366895388289384,0.10847280334728034
BW_Ronceray_Opera,Nicolas P,1,0.0358739338000826,0.0358739338000826,0.10721757322175733
BW_Ronceray_Opera,ITSUI,1,0.0343736219982501,0.0343736219982501,0.10690376569037657
BW_Ronceray_Opera,taste buddy,1,0.0276088365593799,0.0276088365593799,0.10627615062761507
BW_Ronceray_Opera,calimenjaro,1,0.0254843359542431,0.0254843359542431,0.10564853556485357
BW_Ronceray_Opera,Paula Cipolaro,1,0.0198851741150032,0.0198851741150032,0.10407949790794979
BW_Ronceray_Opera,Mymy CELESTE,1,0.0197273626131213,0.0197273626131213,0.10376569037656905
BW_Ronceray_Opera,Nicolas CHAGNET,1,0.0192151877383146,0.0192151877383146,0.10345188284518829
BW_Ronceray_Opera,Eli Kristin Sjøberg,1,0.0184577700604988,0.0184577700604988,0.10282426778242679
BW_Ronceray_Opera,Severine Duforet,1,0.0133153666659668,0.0133153666659668,0.10219665271966527
BW_Ronceray_Opera,Giorgos Katikas,1,0.0068444902439838,0.0068444902439838,0.10094142259414227
BW_Ronceray_Opera,ktm sunny villas poros,1,0.0064936315761873,0.0064936315761873,0.10062761506276151
BW_Ronceray_Opera,Lilou Berru,1,0.0060914360300204,0.0060914360300204,0.10031380753138076
